AAPL,FALSE
MSFT,TRUE
AMZN,FALSE
GOOG,TRUE
GOOGL,TRUE
AMAG,#N/A
FB,TRUE
BABA,TRUE
USV,#N/A
TSLA,FALSE
BRK.A,TRUE
BRK.B,TRUE
V,FALSE
TSM,FALSE
VALE,FALSE
WMT,FALSE
JNJ,FALSE
JPM,TRUE
AMJ,#N/A
PBR,#N/A
PBR.A,#N/A
PG,FALSE
SPY,#N/A
MA,FALSE
NVDA,FALSE
UNH,FALSE
DIS,#N/A
ITUB,FALSE
HD,FALSE
PYPL,FALSE
VZ,FALSE
TM,FALSE
ABEV,#N/A
CMCSA,TRUE
IVV,#N/A
KO,FALSE
PFE,FALSE
NVS,FALSE
ADBE,FALSE
NFLX,FALSE
BBD,FALSE
BBDO,#N/A
T,FALSE
TBB,#N/A
TBC,#N/A
MRK,FALSE
INTC,FALSE
CRM,FALSE
PEP,FALSE
ASML,FALSE
ABT,FALSE
ABBV,TRUE
CSCO,TRUE
TMO,TRUE
XOM,FALSE
ORCL,FALSE
PDD,#N/A
CVX,#N/A
NKE,FALSE
BSBR,FALSE
COST,FALSE
AVGO,FALSE
QCOM,TRUE
TMUS,FALSE
ACN,TRUE
DHR,FALSE
GMAB,#N/A
UL,FALSE
VTI,#N/A
MCD,FALSE
LLY,FALSE
MDT,FALSE
HON,FALSE
BBL,FALSE
BHP,FALSE
SAP,TRUE
TXN,TRUE
RDS.A,#N/A
RDS.B,#N/A
QQQ,#N/A
NEE,FALSE
AZN,FALSE
LFC,TRUE
BMY,#N/A
UNP,TRUE
AMGN,FALSE
PM,FALSE
LIN,#N/A
CHTR,FALSE
JD,TRUE
BA,#N/A
SHOP,FALSE
NVO,FALSE
RIO,FALSE
C,FALSE
HDB,TRUE
SBUX,FALSE
UPS,FALSE
SNY,FALSE
WFC,FALSE
TOT,#N/A
SNE,FALSE
RY,FALSE
BUD,#N/A
CHL,FALSE
LOW,FALSE
MS,TRUE
MLPY,#N/A
ZM,#N/A
IBM,TRUE
RTX,#N/A
PTR,TRUE
AMD,FALSE
HSBC,#N/A
BLK,TRUE
NOW,FALSE
TD,FALSE
LMT,TRUE
MMM,FALSE
SNOW,#N/A
LOMA,#N/A
SE,#N/A
GE,FALSE
SQ,FALSE
AMT,FALSE
CAT,TRUE
AXP,TRUE
INTU,FALSE
GSK,FALSE
CVS,TRUE
DEO,FALSE
SCHW,TRUE
FIS,#N/A
ISRG,FALSE
EL,FALSE
BTI,FALSE
SYK,FALSE
TGT,TRUE
ABNB,#N/A
GS,FALSE
MDLZ,FALSE
AMAT,TRUE
DE,FALSE
MELI,#N/A
MO,FALSE
VIV,FALSE
SNAP,#N/A
TJX,FALSE
CNI,FALSE
MU,TRUE
SPGI,TRUE
BEKE,#N/A
ANTM,TRUE
FISV,FALSE
BX,FALSE
GILD,FALSE
BP,#N/A
FDX,FALSE
ZTS,FALSE
CI,TRUE
ADP,FALSE
VWO,#N/A
CL,FALSE
PLD,FALSE
SNP,TRUE
LRCX,TRUE
BDX,FALSE
BDXB,#N/A
SUZ,#N/A
GLD,#N/A
AGG,#N/A
CB,FALSE
CSX,TRUE
USB,FALSE
ENB,FALSE
ENBA,#N/A
CCI,FALSE
DUK,FALSE
DUKB,#N/A
DUKH,#N/A
INFY,TRUE
NTCO,#N/A
EFA,#N/A
EFV,#N/A
SHW,FALSE
IWF,#N/A
CME,FALSE
BNS,FALSE
ATVI,FALSE
ITW,TRUE
SPOT,#N/A
SO,FALSE
SOJB,#N/A
SOJC,#N/A
SOJD,#N/A
SOJE,#N/A
TFC,TRUE
ECL,#N/A
BAM,#N/A
MRNA,#N/A
VUG,#N/A
ADSK,FALSE
EQIX,FALSE
D,FALSE
DRUA,#N/A
ICE,FALSE
NTES,FALSE
PNC,FALSE
GM,TRUE
NSC,TRUE
VMW,FALSE
EBR,#N/A
EBR.B,#N/A
APD,FALSE
CEPU,#N/A
MMC,TRUE
VRTX,FALSE
CP,FALSE
ABB,TRUE
MUFG,TRUE
TEAM,#N/A
IJH,#N/A
GPN,FALSE
NIO,#N/A
PGR,FALSE
BIDU,FALSE
EQNR,#N/A
TWLO,#N/A
VTV,#N/A
WBK,TRUE
DELL,#N/A
IWM,#N/A
HCA,TRUE
HMC,TRUE
WDAY,#N/A
EW,FALSE
ADI,FALSE
HUM,TRUE
MCO,TRUE
SAN,#N/A
REGN,FALSE
IJR,#N/A
DG,FALSE
NOC,FALSE
ILMN,FALSE
EMR,FALSE
BMLP,#N/A
BMO,TRUE
BNKD,#N/A
BNKO,#N/A
BNKU,#N/A
BNKZ,#N/A
FNGD,#N/A
FNGO,#N/A
FNGS,#N/A
FNGU,#N/A
FNGZ,#N/A
GNAF,#N/A
KNAB,#N/A
MJJ,#N/A
MJO,#N/A
NRGD,#N/A
NRGO,#N/A
NRGU,#N/A
NRGZ,#N/A
YGRN,#N/A
WM,FALSE
DD,#N/A
IBN,FALSE
BSX,TRUE
AMX,FALSE
AMOV,TRUE
PLTR,#N/A
NEM,FALSE
PHG,TRUE
EPD,FALSE
RELX,FALSE
AON,TRUE
MNST,FALSE
COP,#N/A
KMB,FALSE
SCCO,TRUE
VOD,TRUE
ETN,TRUE
VIG,#N/A
LULU,FALSE
PUK,#N/A
CVNA,#N/A
ROP,FALSE
PINS,#N/A
NXPI,#N/A
TTD,FALSE
GD,TRUE
LVS,#N/A
KDP,FALSE
MET,TRUE
TRP,FALSE
COF,FALSE
DOCU,#N/A
ROKU,#N/A
CTSH,TRUE
IWD,#N/A
MAR,FALSE
KHC,#N/A
BCE,FALSE
RKT,#N/A
U,#N/A
AEP,FALSE
AEPPL,#N/A
AEPPZ,#N/A
TWTR,#N/A
SMFG,TRUE
NGG,FALSE
GOLD,FALSE
BAX,FALSE
RACE,FALSE
TRI,FALSE
EXC,FALSE
ROST,FALSE
DOW,#N/A
VEEV,FALSE
ALGN,TRUE
KLAC,TRUE
LHX,FALSE
STZ.B,TRUE
STZ,TRUE
MTCH,#N/A
EA,FALSE
CEO,TRUE
SID,FALSE
APH,TRUE
TEL,#N/A
CRWD,#N/A
IDXX,FALSE
E,#N/A
SYY,#N/A
CM,FALSE
PSA,FALSE
GGB,FALSE
BF.B,FALSE
BF.A,FALSE
BIIB,FALSE
ING,TRUE
SRE,FALSE
MCHP,FALSE
CTAS,FALSE
DLR,FALSE
CMG,FALSE
QSR,FALSE
GIS,FALSE
A,FALSE
SNPS,FALSE
WBA,FALSE
ERIC,FALSE
FCX,#N/A
NTR,#N/A
BK,TRUE
XLK,#N/A
INFO,#N/A
PH,TRUE
F,#N/A
CNC,FALSE
TIMB,FALSE
CHWY,#N/A
MSCI,FALSE
MFC,TRUE
SGEN,FALSE
LU,#N/A
TROW,TRUE
PTON,#N/A
TRV,FALSE
XEL,FALSE
VGT,#N/A
KKR,FALSE
EBAY,TRUE
EBAYL,#N/A
GDS,#N/A
VFC,#N/A
PPG,TRUE
TT,TRUE
VO,#N/A
CSGP,FALSE
AIG,#N/A
KMI,FALSE
DXCM,FALSE
CDNS,FALSE
PAYX,TRUE
APTV,TRUE
JCI,FALSE
SIM,#N/A
TDG,FALSE
OKTA,#N/A
XPEV,#N/A
ORLY,TRUE
CMI,TRUE
SBS,FALSE
CARR,#N/A
IQV,FALSE
ORAN,FALSE
MFG,TRUE
EEM,#N/A
YUM,FALSE
FNV,FALSE
SLB,#N/A
BBVA,#N/A
STM,TRUE
RNG,#N/A
ALL,FALSE
HPQ,TRUE
VRSK,FALSE
CRH,TRUE
AFL,TRUE
TME,#N/A
LYG,FALSE
EOG,#N/A
ATMP,#N/A
BAL,#N/A
BCM,#N/A
BCS,TRUE
CAPE,#N/A
COW,#N/A
DFVL,#N/A
DFVS,#N/A
DJP,#N/A
FFEU,#N/A
FIYY,#N/A
FLEU,#N/A
GAZ,#N/A
GBUG,#N/A
GRN,#N/A
GSP,#N/A
IMLP,#N/A
JJA,#N/A
JJC,#N/A
JJE,#N/A
JJG,#N/A
JJM,#N/A
JJN,#N/A
JJP,#N/A
JJS,#N/A
JJT,#N/A
JJU,#N/A
JO,#N/A
LD,#N/A
NIB,#N/A
OIL,#N/A
PGM,#N/A
RODI,#N/A
SBUG,#N/A
SGG,#N/A
VXX,#N/A
XVZ,#N/A
PFH,#N/A
PRS,#N/A
PRU,#N/A
IAU,#N/A
VB,#N/A
BNTX,#N/A
SBAC,#N/A
CS,TRUE
PSX,#N/A
WIT,FALSE
BLL,FALSE
RSG,FALSE
DDOG,#N/A
RMD,FALSE
CHT,FALSE
PCAR,TRUE
PANW,#N/A
CNQ,#N/A
Z,#N/A
ZG,#N/A
LYB,TRUE
ES,FALSE
ZBH,#N/A
ITOT,#N/A
WEC,FALSE
HLT,#N/A
TDOC,#N/A
SPG,TRUE
ANSS,FALSE
MRVL,TRUE
LBRDA,FALSE
LBRDK,FALSE
ROK,TRUE
CTVA,#N/A
PEG,FALSE
MSI,FALSE
ALC,#N/A
SU,#N/A
FAST,FALSE
LI,#N/A
SWK,TRUE
MCK,TRUE
MPC,#N/A
ADM,TRUE
CPRT,FALSE
OTIS,#N/A
EC,FALSE
SIRI,FALSE
MTD,FALSE
AME,FALSE
GLW,FALSE
EDU,FALSE
LUV,#N/A
TAL,FALSE
AWK,FALSE
WCN,FALSE
WELL,FALSE
RPRX,#N/A
DAL,#N/A
WMB,FALSE
ALXN,FALSE
AZO,TRUE
BILI,#N/A
WLTW,FALSE
CAJ,FALSE
BBY,TRUE
SLF,TRUE
TU,FALSE
STT,TRUE
IWB,#N/A
UGP,FALSE
DFS,FALSE
FWONA,#N/A
FWONK,#N/A
LSXMK,FALSE
HRL,FALSE
DHI,TRUE
CLX,FALSE
NET,#N/A
DLTR,FALSE
ED,FALSE
MKC,FALSE
MKC.V,FALSE
SPLK,#N/A
FMS,TRUE
PAYC,FALSE
YNDX,FALSE
FTS,FALSE
DIA,#N/A
MPLX,#N/A
XLF,#N/A
ZS,#N/A
WORK,#N/A
FMX,FALSE
W,#N/A
DTB,#N/A
DTE,FALSE
DTJ,#N/A
DTW,#N/A
DTY,#N/A
IWR,#N/A
IWC,#N/A
RYAAY,#N/A
VLO,#N/A
NWG,TRUE
KR,FALSE
VRSN,FALSE
BKR,#N/A
RCI,FALSE
WY,FALSE
ZTO,FALSE
YUMC,FALSE
EIX,FALSE
PCG,#N/A
IBKR,FALSE
ODFL,TRUE
KEYS,FALSE
ARE,FALSE
BEP,#N/A
STNE,#N/A
SWKS,TRUE
FTV,FALSE
AJG,FALSE
COUP,#N/A
NOK,FALSE
EFX,FALSE
TLK,FALSE
CERN,FALSE
FLT,FALSE
GRMN,TRUE
AVB,TRUE
AMP,TRUE
FRC,FALSE
MXIM,TRUE
CCL,#N/A
CUK,#N/A
PKX,FALSE
LEN,TRUE
LEN.B,TRUE
CBRE,FALSE
CHA,FALSE
VIAC,TRUE
VIACA,TRUE
TIP,#N/A
HSY,FALSE
EQR,FALSE
DB,#N/A
TTWO,FALSE
IGSB,FALSE
GWW,TRUE
CIG,FALSE
CIG.C,FALSE
BIP,#N/A
PPL,FALSE
CCEP,#N/A
MT,#N/A
MTCN,#N/A
ETSY,FALSE
K,FALSE
CHD,FALSE
MDY,#N/A
O,FALSE
FCAU,#N/A
APO,#N/A
CVAC,#N/A
ANET,FALSE
XLV,#N/A
FTNT,FALSE
MKTX,FALSE
BGNE,#N/A
NDAQ,FALSE
EXAS,#N/A
ETR,FALSE
MDB,#N/A
FTCH,#N/A
TSN,FALSE
UMC,TRUE
ZBRA,FALSE
ABC,#N/A
SHY,FALSE
XP,#N/A
LH,FALSE
ICL,FALSE
SDY,#N/A
IX,TRUE
DKNG,#N/A
TCOM,#N/A
CBD,FALSE
WST,FALSE
ATUS,FALSE
FITB,TRUE
FITBI,#N/A
FITBO,#N/A
FITBP,#N/A
OXY,#N/A
ELP,FALSE
TER,TRUE
AEE,FALSE
IP,TRUE
HOLX,FALSE
PBA,FALSE
PXD,FALSE
TLT,FALSE
PFF,FALSE
DISH,TRUE
ET,#N/A
VV,#N/A
SYF,TRUE
NTRSO,#N/A
NTRS,TRUE
CDW,TRUE
HYG,#N/A
IR,#N/A
XLY,#N/A
OKE,FALSE
WPM,FALSE
VMC,FALSE
VTR,FALSE
SSNC,FALSE
MGA,FALSE
TYL,FALSE
TRU,FALSE
SIVB,TRUE
SIVBP,#N/A
COO,FALSE
SKM,FALSE
EPAM,FALSE
HUBS,#N/A
AMCR,#N/A
BRFS,FALSE
KB,TRUE
CCC,#N/A
TFX,FALSE
INCY,#N/A
BAK,#N/A
XYL,FALSE
ENPH,FALSE
SNN,FALSE
CQP,TRUE
HAL,#N/A
DOV,TRUE
NVCR,FALSE
FOX,#N/A
FOXA,#N/A
QRVO,FALSE
EXPE,#N/A
HES,#N/A
URI,TRUE
IVE,#N/A
GIB,TRUE
CAG,TRUE
RCL,#N/A
NMR,TRUE
NUE,FALSE
BR,TRUE
AEM,FALSE
CMS,FALSE
CMSA,#N/A
CMSC,#N/A
CMSD,#N/A
CHU,TRUE
HEI,FALSE
HEI.A,FALSE
VIPS,TRUE
BIO,FALSE
BIO.B,#N/A
WMG,#N/A
CHKP,FALSE
AKAM,FALSE
HZNP,FALSE
GDRX,#N/A
MLM,FALSE
STX,FALSE
HGH,#N/A
HIG,TRUE
IQ,#N/A
FE,FALSE
DGX,TRUE
UI,FALSE
PKI,FALSE
ZI,#N/A
INVH,FALSE
ZEN,#N/A
TSCO,FALSE
MTB,TRUE
SHG,TRUE
CTXS,FALSE
VAR,FALSE
EWJ,#N/A
TIF,FALSE
CAH,TRUE
TXG,#N/A
ESS,FALSE
STE,FALSE
PEAK,FALSE
PODD,FALSE
TRMB,TRUE
IEF,FALSE
CTLT,FALSE
PAGS,#N/A
AVTR,#N/A
BXP,TRUE
WDC,#N/A
KEY,TRUE
HPE,#N/A
KMX,TRUE
LYV,#N/A
EXPD,FALSE
CE,TRUE
KL,FALSE
LNG,FALSE
NICE,FALSE
BURL,#N/A
LOGI,FALSE
FMC,TRUE
CFG,TRUE
DPZ,FALSE
HTHT,#N/A
ALNY,#N/A
LDOS,FALSE
VBR,#N/A
ULTA,FALSE
SEDG,FALSE
RF,TRUE
WAT,FALSE
MGM,TRUE
FICO,FALSE
NVR,FALSE
LYFT,#N/A
CNHI,#N/A
GSX,#N/A
WIX,#N/A
TW,#N/A
ALB,TRUE
AFK,#N/A
BIZD,#N/A
BJK,#N/A
BRF,#N/A
CBON,#N/A
EGPT,#N/A
EMAG,#N/A
EVX,#N/A
FLTR,#N/A
GDX,#N/A
GDXJ,#N/A
GLCN,#N/A
GLIN,#N/A
HAP,#N/A
IDX,#N/A
MLN,#N/A
MOO,#N/A
MORT,#N/A
NLR,#N/A
RSX,#N/A
RSXJ,#N/A
SLX,#N/A
SMB,#N/A
SMOG,#N/A
VNM,#N/A
XMPT,#N/A
JBHT,FALSE
DRI,#N/A
VGK,#N/A
DVY,TRUE
IEX,FALSE
MASI,FALSE
IMO,#N/A
CZR,#N/A
XLP,#N/A
BPY,#N/A
BPYPN,#N/A
BPYPO,#N/A
BPYPP,#N/A
GDDY,#N/A
CDAY,#N/A
GRFS,#N/A
BMRN,FALSE
OIBR.C,FALSE
CPB,FALSE
TDY,TRUE
EXR,FALSE
DRE,FALSE
WAB,TRUE
MAS,FALSE
UAL,#N/A
J,FALSE
SUI,FALSE
AES,#N/A
GPC,#N/A
AVLR,#N/A
MAA,FALSE
MKL,FALSE
AGR,FALSE
EMN,FALSE
OMC,TRUE
MPWR,FALSE
IT,FALSE
NTAP,FALSE
BKI,FALSE
KEP,FALSE
VICI,TRUE
ACGL,FALSE
ACGLO,#N/A
ACGLP,#N/A
GNRC,FALSE
AZUL,#N/A
OSH,#N/A
LBTYA,#N/A
LBTYB,#N/A
LBTYK,#N/A
POOL,FALSE
ELAN,#N/A
ELAT,#N/A
PFG,TRUE
CGNX,FALSE
FDS,FALSE
SLV,#N/A
SRPT,#N/A
PTC,FALSE
HBAN,TRUE
HBANN,#N/A
HBANO,#N/A
DISCA,FALSE
DISCB,FALSE
DISCK,FALSE
SJM,FALSE
CCK,TRUE
LNT,FALSE
CINF,FALSE
ZNH,#N/A
PKG,FALSE
BRO,FALSE
CABO,FALSE
BAP,FALSE
ENTG,FALSE
IAC,#N/A
ALLY,FALSE
CHRW,FALSE
RJF,TRUE
LN,#N/A
ON,FALSE
CGC,#N/A
ARES,FALSE
WPP,#N/A
AVY,TRUE
VBK,#N/A
EVRG,#N/A
ATO,FALSE
IWO,#N/A
OTEX,FALSE
CXO,#N/A
GH,#N/A
JHX,FALSE
ESTC,#N/A
NUAN,FALSE
BEN,FALSE
XLI,#N/A
HAS,TRUE
DVA,TRUE
ASX,#N/A
BAH,TRUE
AQN,FALSE
AQNA,#N/A
AQNB,#N/A
WPC,FALSE
PPD,#N/A
ROL,FALSE
L,#N/A
MYOK,#N/A
MRTX,#N/A
IWS,#N/A
JKHY,FALSE
IWV,#N/A
ENIA,TRUE
QGEN,FALSE
IFF,TRUE
MOH,FALSE
CNP,#N/A
PLUG,#N/A
IEP,#N/A
TECH,FALSE
ATHM,FALSE
CRL,TRUE
GGG,FALSE
ABMD,FALSE
WTRG,FALSE
BILL,#N/A
GFL,#N/A
NLOK,FALSE
XRAY,#N/A
FBHS,FALSE
PENN,#N/A
EQH,#N/A
WRB,TRUE
IHG,#N/A
NLY,#N/A
RUN,FALSE
SAM,FALSE
WHR,TRUE
NDSN,TRUE
AAIC,#N/A
AIC,#N/A
AIW,#N/A
AI,#N/A
HWM,FALSE
WRK,#N/A
ARGX,#N/A
PHM,FALSE
RDY,FALSE
TEVA,#N/A
VHT,#N/A
LW,FALSE
RPM,TRUE
UDR,FALSE
MTN,FALSE
UHS,TRUE
LKQ,TRUE
IPGP,FALSE
IGIB,FALSE
MPW,FALSE
XPO,FALSE
DT,#N/A
LUMN,TRUE
ELS,FALSE
LB,#N/A
FNF,FALSE
OLED,FALSE
TXT,FALSE
FSLY,#N/A
DNB,#N/A
ERIE,FALSE
LII,FALSE
FIVN,#N/A
APPN,#N/A
AAP,FALSE
WLK,FALSE
XLU,#N/A
FFIV,FALSE
SMG,FALSE
NWS,#N/A
NWSA,#N/A
CEA,#N/A
SBSW,TRUE
CHGG,#N/A
CRSP,#N/A
CG,#N/A
PCTY,FALSE
MMP,FALSE
DADA,#N/A
GWRE,#N/A
AAL,#N/A
KC,#N/A
TAP,TRUE
TAP.A,#N/A
GLIBA,#N/A
GLIBP,#N/A
CREE,#N/A
HST,#N/A
ICLR,TRUE
CNA,FALSE
IBB,FALSE
JNK,#N/A
PEGA,#N/A
ALLE,TRUE
BCH,FALSE
PWR,FALSE
IUSG,TRUE
NVTA,#N/A
HSIC,FALSE
BFAM,FALSE
PLAN,#N/A
LNC,TRUE
BSY,#N/A
IWN,#N/A
TTC,FALSE
GLPI,FALSE
GL,TRUE
SNA,TRUE
VXF,#N/A
RGEN,FALSE
TS,#N/A
TECK,#N/A
DNLI,#N/A
MHK,FALSE
ZLAB,#N/A
RARE,#N/A
ARMK,#N/A
ASND,#N/A
ZNGA,#N/A
HNP,FALSE
SJR,FALSE
CPT,FALSE
FND,FALSE
AMH,FALSE
IPG,TRUE
LEA,FALSE
DBX,#N/A
CBOE,#N/A
RE,FALSE
BG,FALSE
ZEAL,#N/A
FSLR,FALSE
FIVE,FALSE
DLB,FALSE
AZPN,FALSE
AU,FALSE
WU,FALSE
KGC,FALSE
TREX,FALSE
WB,TRUE
PNW,FALSE
BSAC,TRUE
VST,FALSE
BWA,TRUE
DOX,FALSE
ACH,#N/A
AMED,FALSE
NFE,#N/A
CIB,FALSE
DAR,FALSE
SMAR,#N/A
MORN,FALSE
NI,#N/A
DNKN,FALSE
IRM,FALSE
MLCO,#N/A
NWL,#N/A
HUBB,TRUE
BYND,#N/A
HDS,FALSE
MBT,FALSE
STOR,TRUE
PNR,FALSE
OHI,FALSE
QDEL,FALSE
WSO,FALSE
WSO.B,#N/A
RNR,FALSE
SCI,FALSE
NYT,FALSE
UHAL,TRUE
ATR,FALSE
NBIX,FALSE
MOS,#N/A
CF,TRUE
EHC,FALSE
Y,#N/A
RH,FALSE
NCLH,#N/A
AGNCP,#N/A
AGNC,#N/A
AGNCM,#N/A
AGNCN,#N/A
AGNCO,#N/A
VER,FALSE
CSL,FALSE
WEX,FALSE
BRKR,FALSE
FATE,#N/A
NTRA,#N/A
IAA,#N/A
STLD,FALSE
FLEX,TRUE
IVZ,FALSE
DECK,FALSE
CX,#N/A
ACAD,#N/A
SEIC,TRUE
MKSI,TRUE
LEVI,#N/A
TPR,#N/A
ATH,TRUE
JAZZ,FALSE
GNTX,TRUE
NRG,TRUE
BEPC,#N/A
RGA,TRUE
RZA,#N/A
RZB,#N/A
OCFT,#N/A
TTM,#N/A
WSM,TRUE
OC,#N/A
REG,FALSE
EWZ,#N/A
CONE,#N/A
IVW,#N/A
NVAX,#N/A
ALV,FALSE
LAMR,TRUE
FANG,#N/A
AYX,#N/A
AAXN,#N/A
GPS,#N/A
OZON,#N/A
GFI,FALSE
IPHI,#N/A
AIZ,FALSE
AIZP,#N/A
LPLA,TRUE
CHE,FALSE
RBA,FALSE
RS,TRUE
ST,FALSE
LSPD,#N/A
ADPT,#N/A
AFG,TRUE
AFGB,#N/A
AFGC,#N/A
AFGD,#N/A
AFGE,#N/A
G,TRUE
AOS,FALSE
CVE,#N/A
CHDN,#N/A
ARWR,#N/A
JLL,FALSE
MIDD,TRUE
NCNO,#N/A
BBIO,#N/A
IUSV,TRUE
SPCE,#N/A
IWP,#N/A
XLRN,#N/A
AEG,TRUE
AEB,#N/A
H,#N/A
EV,FALSE
AMWL,#N/A
BTG,FALSE
WWD,FALSE
VNO,FALSE
GOL,#N/A
RL,#N/A
VEDL,#N/A
SWI,#N/A
CIEN,FALSE
CBSH,TRUE
UGI,TRUE
VFH,#N/A
PRAH,FALSE
CMA,TRUE
IOVA,#N/A
RHI,TRUE
UA,#N/A
UAA,#N/A
BHC,#N/A
VOYA,#N/A
IIVI,#N/A
IIVIP,#N/A
ACM,FALSE
BL,#N/A
ARW,TRUE
CD,#N/A
JNPR,TRUE
HII,FALSE
LAD,TRUE
LECO,FALSE
ARCC,TRUE
AFC,#N/A
RGLD,FALSE
FSV,FALSE
CALT,#N/A
GLOB,FALSE
BBU,#N/A
ACI,#N/A
XLE,#N/A
FHN,TRUE
BERY,TRUE
FVRR,#N/A
SHC,#N/A
DCI,FALSE
LINX,#N/A
KNX,TRUE
DOOO,#N/A
EEFT,FALSE
SEE,TRUE
MNSO,#N/A
NNN,FALSE
PEN,#N/A
RP,FALSE
ADT,#N/A
CLR,#N/A
COLD,#N/A
PSXP,FALSE
YY,TRUE
SBNY,FALSE
WF,FALSE
ZION,TRUE
ZIONO,FALSE
ZIONL,FALSE
ZIONP,FALSE
ZIONN,FALSE
FRT,TRUE
PFPT,#N/A
NLSN,#N/A
SC,TRUE
TWST,#N/A
COG,FALSE
NKLA,#N/A
SPYG,#N/A
SYNH,FALSE
EWBC,FALSE
AXTA,FALSE
AGCO,TRUE
ITT,FALSE
PVH,#N/A
MCFE,#N/A
MRVI,#N/A
PLNT,FALSE
TMX,FALSE
LITE,FALSE
OEF,#N/A
PRGO,#N/A
PSO,FALSE
CAE,FALSE
GRUB,#N/A
CASY,TRUE
XBI,#N/A
TRGP,#N/A
GLPG,#N/A
OGE,#N/A
HLF,TRUE
CUBE,FALSE
HRC,FALSE
IONS,FALSE
WES,TRUE
BPMC,FALSE
KOD,#N/A
PAA,#N/A
KIM,TRUE
TFII,#N/A
MANH,FALSE
LHCG,FALSE
POST,FALSE
SRCL,#N/A
SFIX,#N/A
QTWO,#N/A
SITE,FALSE
REYN,#N/A
NTNX,#N/A
ALLK,#N/A
TTEK,TRUE
PAAS,FALSE
VRT,#N/A
FROG,#N/A
PAC,FALSE
SMIN,#N/A
DVN,#N/A
PFGC,#N/A
ALK,#N/A
CDK,FALSE
EXEL,FALSE
UTHR,FALSE
SON,FALSE
PB,FALSE
CACI,TRUE
RDFN,#N/A
CLGX,FALSE
PRF,#N/A
APA,#N/A
REXR,FALSE
AIV,FALSE
HESM,FALSE
CWEN,FALSE
CWEN.A,FALSE
LFUS,FALSE
JEF,TRUE
BWXT,FALSE
EWY,#N/A
HAE,FALSE
ANGI,FALSE
YETI,#N/A
MSA,FALSE
GMED,FALSE
VDC,#N/A
PE,#N/A
JBL,FALSE
ACC,FALSE
JHG,FALSE
PSTG,#N/A
OSK,FALSE
CACC,FALSE
AN,TRUE
PHI,FALSE
WAL,FALSE
WALA,#N/A
BZUN,FALSE
KT,TRUE
HOG,FALSE
FCNCA,FALSE
FCNCP,#N/A
OMF,FALSE
TX,TRUE
APPF,FALSE
PII,FALSE
BC,TRUE
SSL,#N/A
LSCC,FALSE
FUTU,#N/A
BLI,#N/A
FOLD,#N/A
SAIC,FALSE
FAF,FALSE
CPRI,#N/A
CHH,FALSE
HTA,FALSE
TPTX,#N/A
ORI,FALSE
TKR,FALSE
TNDM,#N/A
HUN,FALSE
MPLN,#N/A
NEO,#N/A
IHI,#N/A
NVRO,#N/A
TOL,TRUE
MRO,#N/A
SQM,FALSE
NOV,#N/A
TGTX,#N/A
MAT,#N/A
HALO,FALSE
CHNG,#N/A
SKX,FALSE
PBCT,TRUE
PBCTP,FALSE
AAXJ,#N/A
COLM,FALSE
FLIR,FALSE
HELE,FALSE
BLD,FALSE
AER,#N/A
CFR,FALSE
IRTC,#N/A
DEI,TRUE
VAC,#N/A
LEG,TRUE
TPX,FALSE
TXRH,FALSE
CLF,#N/A
AZEK,#N/A
INGR,FALSE
FRPT,FALSE
GIL,#N/A
TPL,FALSE
BLDP,#N/A
KNSL,FALSE
PGX,#N/A
STWD,TRUE
LSTR,FALSE
WH,#N/A
TCF,TRUE
TCFCP,#N/A
INSP,#N/A
COTY,#N/A
PRI,TRUE
SSB,FALSE
BRKS,FALSE
ESLT,TRUE
CCJ,#N/A
THO,TRUE
FR,TRUE
SLAB,FALSE
VNT,#N/A
NATI,FALSE
EGP,FALSE
BHVN,#N/A
AUY,FALSE
MAN,FALSE
TNET,FALSE
OLLI,TRUE
LMND,#N/A
AMLP,#N/A
BJ,#N/A
DCT,#N/A
EFG,#N/A
PSTH,#N/A
MDLA,#N/A
ONEM,#N/A
SF,TRUE
SFB,#N/A
KMPR,FALSE
COR,FALSE
IJT,FALSE
ENIC,#N/A
WSC,FALSE
CUZ,TRUE
PPC,TRUE
FFIN,FALSE
MTZ,FALSE
MEDP,FALSE
SDGR,#N/A
FOUR,#N/A
HQY,FALSE
MDU,FALSE
ORCC,#N/A
TFSL,FALSE
BOKF,TRUE
BOKFL,#N/A
WEN,FALSE
EME,FALSE
ALGM,#N/A
NVST,#N/A
FXI,#N/A
IART,FALSE
OMCL,FALSE
ESNT,TRUE
HBI,TRUE
HLI,FALSE
JWN,#N/A
AL,TRUE
FLS,FALSE
SAIA,FALSE
CW,TRUE
JOBS,FALSE
DKS,TRUE
ALSN,FALSE
SNV,TRUE
HUYA,#N/A
RBC,FALSE
FLO,FALSE
LANC,FALSE
ASR,FALSE
DSGX,FALSE
EVR,FALSE
SOXX,TRUE
UNM,TRUE
UNMA,#N/A
IDA,FALSE
MSM,FALSE
NYCB,TRUE
API,#N/A
BRX,TRUE
EXPI,FALSE
WPX,#N/A
SPTM,#N/A
PAG,TRUE
JBLU,#N/A
BIGC,#N/A
PHYS,#N/A
ARRY,#N/A
NEP,#N/A
TV,#N/A
IMVT,#N/A
QRTEA,TRUE
QRTEB,FALSE
QRTEP,#N/A
NXST,TRUE
LAZ,TRUE
RXN,TRUE
CBPO,FALSE
SHI,#N/A
ACIW,FALSE
JCOM,FALSE
ASH,#N/A
BYD,#N/A
BB,#N/A
PNFP,FALSE
PNFPP,#N/A
RLI,FALSE
SMTC,FALSE
BEAM,#N/A
EVBG,#N/A
OSB,FALSE
STAG,FALSE
VRM,#N/A
SLM,FALSE
SLMBP,#N/A
CRUS,TRUE
XRX,TRUE
KWR,FALSE
RLAY,#N/A
MRCY,FALSE
SEER,#N/A
AGI,#N/A
MMS,FALSE
NOMD,FALSE
EXPO,FALSE
HFC,#N/A
VIRT,FALSE
SDC,#N/A
IXN,#N/A
EBS,FALSE
PTCT,#N/A
SLG,TRUE
SAIL,#N/A
GPK,FALSE
IRDM,#N/A
CR,FALSE
BPOP,FALSE
ROLL,FALSE
ASGN,FALSE
CFX,#N/A
AMG,FALSE
MGR,#N/A
MGRB,#N/A
NAV,#N/A
EIDX,#N/A
PINC,#N/A
ESGR,FALSE
ESGRO,#N/A
ESGRP,#N/A
ENV,#N/A
ASAN,#N/A
FL,FALSE
CC,#N/A
AXS,#N/A
SRC,#N/A
POWI,TRUE
CZZ,TRUE
FTI,#N/A
MGP,FALSE
VCR,#N/A
THC,#N/A
THG,TRUE
PFSI,FALSE
HXL,TRUE
MSGS,#N/A
NCR,TRUE
GOOS,FALSE
GSHD,#N/A
TKC,FALSE
DCP,#N/A
RETA,#N/A
SHLX,TRUE
NEU,FALSE
VRNS,#N/A
CYBR,FALSE
EWT,#N/A
AYI,TRUE
VVV,TRUE
FTDR,#N/A
UPWK,#N/A
GOCO,#N/A
HASI,FALSE
HHC,#N/A
VPL,#N/A
VVNT,#N/A
OGS,FALSE
AA,#N/A
NOVT,FALSE
LOPE,FALSE
ORA,FALSE
NEOG,FALSE
CROX,TRUE
CCMP,TRUE
GBCI,FALSE
VIST,#N/A
CCXI,#N/A
MSP,#N/A
ACHC,FALSE
RYN,FALSE
NEA,FALSE
VPU,#N/A
BLDR,FALSE
RXT,#N/A
ALTR,#N/A
SNX,TRUE
PK,#N/A
ARD,TRUE
LPRO,#N/A
EXP,FALSE
GTLS,FALSE
IYR,#N/A
BXMT,TRUE
BE,#N/A
BAND,#N/A
ICUI,FALSE
VIR,#N/A
HE,FALSE
MTG,TRUE
HIW,TRUE
SSRM,TRUE
FSR,#N/A
INSM,#N/A
XLB,#N/A
KBR,#N/A
QLD,#N/A
VIS,#N/A
NVT,#N/A
X,#N/A
FOXF,FALSE
XEC,#N/A
ARNA,#N/A
HR,FALSE
CLH,TRUE
AM,#N/A
OVV,#N/A
CEF,#N/A
VERX,#N/A
PRLB,FALSE
OZK,FALSE
ESI,FALSE
UBSI,TRUE
WTS,FALSE
PACB,#N/A
SPR,#N/A
NEWR,#N/A
CRI,TRUE
FIZZ,TRUE
SIGI,FALSE
TIGO,#N/A
SLGN,FALSE
FCN,FALSE
VLY,TRUE
VLYPO,#N/A
VLYPP,#N/A
NFG,#N/A
SSD,TRUE
ENSG,TRUE
PNM,FALSE
SSO,#N/A
CNNE,FALSE
WING,FALSE
VRNT,FALSE
DAVA,#N/A
LPSN,#N/A
NGHC,TRUE
NGHCP,#N/A
NGHCN,#N/A
NGHCO,#N/A
NGHCZ,#N/A
NRZ,#N/A
APPS,FALSE
SEB,FALSE
EDIT,#N/A
GTES,#N/A
TENB,#N/A
NOVA,#N/A
HPP,FALSE
ALLO,#N/A
EQT,#N/A
WK,#N/A
JBT,TRUE
SGMS,#N/A
CLDR,#N/A
ALRM,FALSE
TRIP,#N/A
TRNO,FALSE
RDN,FALSE
AWI,#N/A
APAM,TRUE
LESL,#N/A
SLQT,#N/A
ETRN,#N/A
HAIN,FALSE
SPLG,#N/A
ONEY,#N/A
PRSP,#N/A
OLN,#N/A
DOC,FALSE
SWCH,FALSE
JAMF,#N/A
RPD,#N/A
GWPH,#N/A
AEIS,TRUE
WYND,#N/A
QTS,#N/A
UNF,FALSE
CIT,#N/A
FGEN,#N/A
VNET,#N/A
WCC,FALSE
SNDR,TRUE
POR,FALSE
DOYU,#N/A
BKH,FALSE
QLYS,FALSE
LEGN,#N/A
WBS,FALSE
USO,#N/A
KRNT,#N/A
CDLX,#N/A
TRUP,#N/A
PSB,FALSE
SPWR,FALSE
STN,FALSE
ADV,#N/A
SAFE,FALSE
PSN,#N/A
STAA,FALSE
CRON,#N/A
RHP,#N/A
APLS,#N/A
ENS,FALSE
ADC,FALSE
SBRA,TRUE
GRA,FALSE
BCPC,FALSE
EYE,FALSE
VMI,FALSE
VICR,FALSE
CNS,FALSE
AMKR,TRUE
NVG,#N/A
SAGE,#N/A
CWK,#N/A
STMP,FALSE
SWTX,#N/A
TREE,#N/A
SWX,FALSE
WDFC,FALSE
MUSA,TRUE
SHAK,#N/A
GO,#N/A
BSMX,TRUE
IIPR,FALSE
PD,#N/A
AVNT,TRUE
ROOT,#N/A
DIOD,TRUE
CPA,#N/A
WTFC,FALSE
WTFCM,#N/A
WTFCP,#N/A
AAN,#N/A
CIGI,FALSE
SABR,#N/A
SABRP,#N/A
WNS,FALSE
PGNY,#N/A
ADS,TRUE
VC,#N/A
IFS,#N/A
CBU,FALSE
WWE,TRUE
M,#N/A
SEM,FALSE
BCO,#N/A
SPSC,FALSE
ONEQ,TRUE
TTEC,FALSE
BVN,#N/A
CDNA,#N/A
ALKS,#N/A
AY,FALSE
CVET,#N/A
R,#N/A
CRNC,#N/A
AJRD,FALSE
SR,FALSE
ITRI,#N/A
AHCO,#N/A
MEOH,#N/A
TRTN,FALSE
EGHT,#N/A
VG,#N/A
BMEZ,#N/A
TRMD,#N/A
TMHC,FALSE
COHR,#N/A
NSP,TRUE
UFPI,FALSE
ADNT,#N/A
STL,TRUE
ARNC,#N/A
IJJ,#N/A
IJS,#N/A
AAON,FALSE
FELE,FALSE
RCKT,#N/A
MANT,FALSE
NG,#N/A
PTVE,#N/A
KEX,#N/A
MTSI,#N/A
ACCD,#N/A
SVMK,#N/A
UMPQ,#N/A
NARI,#N/A
UMBF,TRUE
MTH,TRUE
SWAV,#N/A
AEO,#N/A
FORM,FALSE
RIDE,#N/A
NJR,FALSE
CARG,FALSE
LCII,TRUE
VCYT,#N/A
FOCS,#N/A
NAD,#N/A
ABCM,#N/A
EQC,FALSE
CBRL,TRUE
PCH,FALSE
LAUR,#N/A
SAFM,#N/A
AMN,FALSE
HOMB,TRUE
CNO,TRUE
KMT,#N/A
SOGO,#N/A
TGNA,TRUE
BOH,TRUE
DORM,FALSE
BMCH,FALSE
FEYE,#N/A
NTLA,#N/A
DCPH,#N/A
CMD,FALSE
HCM,#N/A
EWC,#N/A
DNP,#N/A
AVT,#N/A
AMBA,#N/A
MDC,TRUE
MMSI,#N/A
VLDR,#N/A
JMIA,#N/A
KBH,TRUE
AB,TRUE
SXT,FALSE
STEP,#N/A
ALE,FALSE
FSKR,#N/A
EQX,#N/A
YQ,#N/A
MIME,FALSE
UNVR,FALSE
BIPC,#N/A
SBE,#N/A
FNB,TRUE
CRSR,#N/A
VIAV,FALSE
WTM,FALSE
MOR,#N/A
AG,#N/A
NSTG,#N/A
PDCO,#N/A
GKOS,#N/A
EBC,#N/A
APHA,#N/A
IGT,#N/A
INOV,FALSE
BHF,#N/A
BHFAL,#N/A
BHFAO,#N/A
BHFAP,#N/A
APG,#N/A
FHB,TRUE
SPB,FALSE
GDOT,FALSE
NKTR,#N/A
NHI,FALSE
DQ,FALSE
CWST,FALSE
AIT,FALSE
ALXO,#N/A
PCI,#N/A
OPK,#N/A
BKU,FALSE
DAO,#N/A
GMTA,#N/A
GATX,FALSE
CNMD,#N/A
AXSM,#N/A
ACIA,FALSE
TRN,FALSE
LXP,FALSE
FCFS,FALSE
NGVT,FALSE
FHI,FALSE
KTOS,FALSE
TCBI,FALSE
TCBIL,#N/A
TCBIP,#N/A
HRB,FALSE
APLE,#N/A
BXS,FALSE
PACW,#N/A
ENR,FALSE
EVTC,FALSE
JJSF,FALSE
MIC,#N/A
HI,#N/A
GOLF,#N/A
WRI,TRUE
OUT,#N/A
OFC,FALSE
ALGT,#N/A
YALA,#N/A
MC,FALSE
AWR,FALSE
CSOD,#N/A
NWE,FALSE
JW.A,#N/A
JW.B,#N/A
RRR,#N/A
CCU,TRUE
PPBI,FALSE
EXLS,TRUE
HMSY,FALSE
BLUE,#N/A
ROG,FALSE
AQUA,TRUE
PZZA,FALSE
WOR,TRUE
IBP,FALSE
RVMD,#N/A
OPCH,#N/A
ATCO,TRUE
IGMS,#N/A
CHX,#N/A
VOX,#N/A
ABG,FALSE
WERN,FALSE
PS,#N/A
TARO,#N/A
CCOI,FALSE
DAN,FALSE
BOX,#N/A
KYMR,#N/A
PJT,FALSE
BNL,#N/A
SUMO,#N/A
TSEM,TRUE
SHOO,#N/A
HP,#N/A
VEON,#N/A
CAR,#N/A
ONB,TRUE
SYNA,TRUE
BNR,#N/A
PRLD,#N/A
LGIH,FALSE
MOMO,TRUE
HL,#N/A
KURA,#N/A
MMYT,#N/A
PVG,FALSE
ABM,#N/A
PSMT,FALSE
FUL,TRUE
AVA,FALSE
ESE,FALSE
BSTZ,#N/A
HYLN,#N/A
NNI,FALSE
CVBF,FALSE
SIX,#N/A
FRHC,FALSE
LILAK,#N/A
SCL,FALSE
MSTR,FALSE
TCO,#N/A
MOG.B,#N/A
MOG.A,TRUE
WD,FALSE
NUS,TRUE
ADCT,#N/A
HWC,#N/A
HWCPZ,#N/A
BECN,#N/A
ACA,#N/A
WKHS,#N/A
MANU,#N/A
COMM,#N/A
IMAB,#N/A
USM,FALSE
UZA,#N/A
UZB,#N/A
UZC,#N/A
UZD,#N/A
IBTX,FALSE
ABCB,FALSE
YIN,#N/A
SINA,#N/A
EAF,#N/A
CELH,FALSE
CWT,FALSE
ITGR,FALSE
URBN,#N/A
MCY,FALSE
EXG,#N/A
BMI,FALSE
AUB,FALSE
AUBAP,#N/A
ENBL,#N/A
CCIV,#N/A
MGEE,FALSE
BFT,#N/A
ISBC,TRUE
SAVE,#N/A
ALVR,#N/A
PHR,#N/A
VSH,TRUE
UNIT,#N/A
HMY,#N/A
AGO,FALSE
FIBK,FALSE
SUN,FALSE
HGV,FALSE
RCM,FALSE
KRTX,#N/A
TDC,FALSE
IGM,#N/A
PRMW,#N/A
FN,TRUE
CWH,TRUE
PCRX,TRUE
FCEL,#N/A
NSIT,TRUE
WWW,FALSE
ASB,TRUE
GBT,#N/A
B,FALSE
DY,FALSE
IOO,#N/A
MATX,TRUE
AEL,TRUE
BRC,FALSE
XNCR,#N/A
REZI,#N/A
VOC,#N/A
AVIR,#N/A
INDB,FALSE
CIM,#N/A
TEX,#N/A
THS,#N/A
CVLT,#N/A
SPT,#N/A
SSTK,FALSE
EPR,#N/A
IYH,#N/A
REGI,FALSE
TRQ,FALSE
SPXC,TRUE
FLOW,#N/A
PEB,#N/A
TWOU,#N/A
NOAH,FALSE
GT,#N/A
KW,FALSE
KAR,FALSE
EAT,FALSE
BBBY,#N/A
KOF,TRUE
VNE,#N/A
CNX,#N/A
COLB,TRUE
CATY,TRUE
LTHM,#N/A
OR,#N/A
SMPL,FALSE
CMC,TRUE
SLYV,#N/A
SHO,#N/A
JKS,TRUE
HRMY,#N/A
NSA,FALSE
ANAT,FALSE
OSTK,FALSE
UTF,#N/A
ZYME,#N/A
CSQ,#N/A
CBT,#N/A
ITA,#N/A
EPP,#N/A
FLR,#N/A
VSAT,#N/A
SONO,#N/A
GEF,TRUE
GEF.B,FALSE
CMPR,FALSE
JELD,FALSE
AUPH,#N/A
HTH,FALSE
UCBIO,#N/A
NUVA,#N/A
FSK,#N/A
AGIO,#N/A
DOOR,FALSE
SFM,FALSE
ACB,#N/A
STRA,FALSE
SJI,TRUE
GBDC,FALSE
EWG,#N/A
VAW,#N/A
ONTO,FALSE
CLNY,#N/A
MYOV,#N/A
ARCE,#N/A
SNBR,FALSE
BRP,#N/A
SFNC,TRUE
IXJ,#N/A
GHC,TRUE
NZF,#N/A
NUV,FALSE
SEAS,#N/A
MDRX,#N/A
MXL,#N/A
AVNS,FALSE
TCP,TRUE
MAXR,FALSE
IBOC,FALSE
CSIQ,TRUE
SPEU,#N/A
FEZ,#N/A
EGO,FALSE
MLHR,FALSE
GB,#N/A
GPI,TRUE
NKTX,#N/A
ROCK,FALSE
IBA,FALSE
SLYG,#N/A
SHEN,FALSE
EPAY,#N/A
MCRB,#N/A
IJK,#N/A
MAX,#N/A
PLXS,TRUE
MTLS,#N/A
PING,#N/A
RUSHA,FALSE
RUSHB,FALSE
KFY,FALSE
RWR,#N/A
SUM,TRUE
RLJ,#N/A
EWU,#N/A
VDE,#N/A
SWN,#N/A
NAC,FALSE
VIE,#N/A
AIN,TRUE
GNW,#N/A
SFBS,FALSE
HBM,TRUE
OMAB,TRUE
FUN,#N/A
NIU,#N/A
EAR,#N/A
MGNI,#N/A
MED,TRUE
VRRM,FALSE
YELP,#N/A
OM,#N/A
SKYW,TRUE
CERE,#N/A
JOE,FALSE
ELY,#N/A
YPF,#N/A
FULT,FALSE
FULTP,#N/A
TPH,TRUE
PMVP,#N/A
FCPT,FALSE
QURE,#N/A
EPRT,#N/A
WSFS,FALSE
AGZD,#N/A
CEW,#N/A
CXSE,#N/A
CYB,#N/A
DEM,#N/A
DES,#N/A
DEW,#N/A
DFE,#N/A
DFJ,#N/A
DGRE,#N/A
DGRS,#N/A
DGRW,#N/A
DGS,#N/A
DHS,#N/A
DIM,#N/A
DLN,#N/A
DLS,#N/A
DNL,#N/A
DOL,#N/A
DOO,#N/A
DRW,#N/A
DTD,#N/A
DTH,#N/A
DTN,#N/A
DWM,#N/A
DXGE,#N/A
DXJ,#N/A
DXJS,#N/A
EES,#N/A
ELD,#N/A
EMCB,#N/A
EPS,#N/A
EUDG,#N/A
EZM,#N/A
HEDJ,#N/A
HYZD,#N/A
IHDG,#N/A
QSY,#N/A
RESP,#N/A
USDU,#N/A
WTMF,#N/A
SBGI,#N/A
CTRE,FALSE
ZNTL,#N/A
AX,FALSE
AXO,#N/A
ATRC,#N/A
NNOX,#N/A
EVOP,#N/A
SATS,#N/A
MTX,TRUE
ATI,#N/A
IOSP,FALSE
AKO.B,FALSE
AKO.A,FALSE
SANM,TRUE
IRBT,TRUE
YMAB,#N/A
AMRC,FALSE
CMP,TRUE
KLIC,FALSE
PBB,#N/A
PBC,#N/A
PBY,#N/A
PSEC,FALSE
CDE,#N/A
CMPS,#N/A
MAIN,#N/A
SRNE,#N/A
MUR,#N/A
ATKR,FALSE
XPER,#N/A
THRM,FALSE
SPMD,#N/A
FWRD,FALSE
MGLN,FALSE
BEAT,FALSE
PDM,TRUE
JACK,TRUE
WHD,#N/A
PRSC,FALSE
TR,FALSE
AVAV,FALSE
PGRE,#N/A
OMI,#N/A
RMBS,#N/A
WSBC,TRUE
WSBCP,#N/A
RCUS,#N/A
FSS,FALSE
PRO,#N/A
TDS,TRUE
TDA,#N/A
TDE,#N/A
TDI,#N/A
TDJ,#N/A
ATRA,#N/A
MTOR,TRUE
NMIH,FALSE
MESO,#N/A
ITCI,#N/A
LGF.A,#N/A
LGF.B,#N/A
SITC,FALSE
HUBG,FALSE
REPL,#N/A
CUB,#N/A
SJW,FALSE
MDYG,#N/A
SVC,#N/A
WW,TRUE
PRAA,FALSE
WGO,FALSE
EPC,FALSE
FIT,#N/A
MAG,#N/A
FRME,FALSE
FTAI,TRUE
CENT,FALSE
CENTA,FALSE
MD,#N/A
PDCE,#N/A
BDN,TRUE
INT,FALSE
GSBD,FALSE
SILK,#N/A
JPS,#N/A
AMRN,#N/A
CTB,TRUE
MGY,#N/A
FBC,FALSE
CYRX,#N/A
TAC,#N/A
WAFD,FALSE
GDV,#N/A
CNK,#N/A
NVMI,FALSE
TROX,TRUE
MLI,TRUE
VGR,FALSE
NTCT,FALSE
FBP,TRUE
BANF,FALSE
RNST,FALSE
WRE,TRUE
RPAI,FALSE
IRWD,TRUE
PRGS,FALSE
MSGE,#N/A
BGS,FALSE
BDC,#N/A
MWA,TRUE
RPAY,#N/A
PQG,FALSE
MDYV,#N/A
IDCC,TRUE
INO,#N/A
MIK,FALSE
MAC,#N/A
PTY,#N/A
NGD,#N/A
TBIO,#N/A
FUBO,#N/A
HRI,FALSE
CADE,#N/A
COKE,FALSE
FIX,TRUE
RRC,#N/A
PLMR,#N/A
RCII,TRUE
MDGL,#N/A
CSTM,#N/A
ETY,#N/A
YEXT,#N/A
RWX,#N/A
TEO,FALSE
ADX,TRUE
SCPL,#N/A
PBH,FALSE
PIPR,FALSE
EHTH,FALSE
CPK,FALSE
TWNK,FALSE
ENLC,#N/A
CALM,FALSE
HCSG,FALSE
EWA,#N/A
OI,TRUE
INFN,#N/A
EVA,FALSE
NS,#N/A
KRON,#N/A
LUNG,#N/A
TWO,#N/A
ATSG,#N/A
NGM,#N/A
LZB,TRUE
BCC,FALSE
BMA,TRUE
LOB,FALSE
OTTR,FALSE
BTT,FALSE
AMK,#N/A
PDI,#N/A
IEV,#N/A
DRNA,#N/A
PRPL,#N/A
NAVI,TRUE
JSM,#N/A
GRWG,FALSE
HMN,FALSE
SAND,#N/A
GTN,TRUE
GTN.A,FALSE
AXNX,#N/A
AVYA,#N/A
AAT,FALSE
SAH,#N/A
PRAX,#N/A
DEA,FALSE
STLC,#N/A
SITM,#N/A
LCA,#N/A
SGMO,#N/A
GGAL,TRUE
MFA,#N/A
MFO,#N/A
TRMK,FALSE
EVT,#N/A
QFIN,#N/A
ABR,FALSE
CVA,#N/A
XHR,#N/A
GCP,TRUE
FMBI,TRUE
FMBIO,#N/A
FMBIP,#N/A
CFFN,FALSE
UFS,#N/A
KNTE,#N/A
FFBC,FALSE
PMT,FALSE
PAGP,#N/A
CRVL,FALSE
CLBK,#N/A
HCAT,#N/A
CAKE,#N/A
PRK,TRUE
EWH,#N/A
RVNC,#N/A
TTGT,FALSE
RVLV,#N/A
OFLX,FALSE
IYW,#N/A
HLIO,FALSE
UTG,#N/A
STTK,#N/A
SKY,TRUE
IAG,#N/A
ESRT,#N/A
UE,FALSE
BIG,TRUE
DSL,#N/A
CRC,#N/A
RQI,#N/A
TOWN,TRUE
MRSN,#N/A
WBT,#N/A
ADUS,FALSE
OSIS,FALSE
GBIO,#N/A
TSE,#N/A
HLG,FALSE
JKE,#N/A
DRH,#N/A
ATGE,#N/A
GPOR,#N/A
CVCO,TRUE
CPG,#N/A
EGOV,FALSE
FEAC,#N/A
CSWI,FALSE
UCI,#N/A
CVI,#N/A
SRRK,#N/A
EB,#N/A
TUP,FALSE
HRTX,#N/A
CATM,FALSE
VRTS,FALSE
ALG,TRUE
PATK,FALSE
BKE,FALSE
MNRO,FALSE
ITCB,#N/A
FBK,TRUE
PNTG,#N/A
HKIB,#N/A
CXP,#N/A
ROIC,FALSE
RVT,#N/A
KN,#N/A
AMWD,FALSE
HTGC,TRUE
HCXY,#N/A
HCXZ,#N/A
AZRE,#N/A
INMD,#N/A
GAB,#N/A
ARI,FALSE
HNI,TRUE
USNA,TRUE
NWBI,FALSE
VCTR,#N/A
FTOC,#N/A
WDR,TRUE
GLUU,FALSE
BANR,TRUE
LND,#N/A
KAMN,FALSE
HEP,TRUE
TY,#N/A
KBE,#N/A
BDJ,#N/A
KAI,TRUE
HTLF,FALSE
HTLFP,#N/A
COHU,#N/A
BGCP,TRUE
MTDR,#N/A
NTB,TRUE
KROS,#N/A
RIG,#N/A
SYKE,FALSE
SMCI,TRUE
ASO,#N/A
RLGY,#N/A
ARGO,#N/A
SIMO,TRUE
TRIL,TRUE
NRIX,#N/A
XOP,#N/A
PRFT,FALSE
SBCF,FALSE
BSIG,TRUE
BUR,#N/A
PGEN,#N/A
FSM,TRUE
CALX,FALSE
BBN,FALSE
MFGP,#N/A
VRTU,FALSE
AAWW,#N/A
HTLD,FALSE
LTC,TRUE
MGRC,TRUE
GNL,FALSE
BSM,TRUE
NPO,TRUE
MNR,#N/A
KALU,FALSE
ITB,#N/A
RGNX,#N/A
LGND,#N/A
NWN,FALSE
ILPT,#N/A
EURN,FALSE
PSNL,#N/A
SASR,FALSE
SPNS,FALSE
PAYA,#N/A
MYGN,#N/A
OCUL,#N/A
SLY,#N/A
EPAC,FALSE
CEQP,#N/A
CSII,#N/A
RTLR,#N/A
MRTN,TRUE
ICFI,FALSE
FLWS,TRUE
MLAB,#N/A
QTRX,#N/A
TPIC,#N/A
ZUO,#N/A
INBX,#N/A
WABC,FALSE
SILV,#N/A
CYTK,#N/A
CCS,FALSE
SCS,TRUE
ROAD,#N/A
BCRX,#N/A
JRVR,FALSE
ALX,FALSE
HHR,#N/A
USPH,FALSE
ILF,#N/A
HYT,#N/A
USA,#N/A
EVV,#N/A
MMI,TRUE
CSGS,TRUE
SG,#N/A
TWCT,#N/A
TSLX,TRUE
WPF,#N/A
NYMT,#N/A
NYMTM,#N/A
NYMTN,#N/A
NYMTO,#N/A
NYMTP,#N/A
TTMI,TRUE
BV,#N/A
KEN,FALSE
MEI,TRUE
CNST,#N/A
CBZ,FALSE
ODP,#N/A
NBTB,FALSE
AROC,#N/A
FPF,#N/A
REAL,#N/A
BTZ,FALSE
UCTT,TRUE
AR,#N/A
HSC,FALSE
MSC,#N/A
SIG,#N/A
ASTE,FALSE
SGRY,#N/A
BRMK,#N/A
DOMO,#N/A
ETV,FALSE
SYX,FALSE
INSG,#N/A
CODI,#N/A
CRS,#N/A
BALY,#N/A
PFS,FALSE
TRS,#N/A
NMRK,#N/A
NK,#N/A
LKFN,TRUE
HSKA,#N/A
RPTX,#N/A
EIGI,FALSE
DKL,TRUE
FRO,FALSE
ACMR,FALSE
BLFS,#N/A
AMCX,TRUE
BXMX,#N/A
WMK,FALSE
EWL,#N/A
ETG,#N/A
CVGW,#N/A
SBH,TRUE
PHAT,#N/A
IPOB,#N/A
GPRO,#N/A
LASR,#N/A
HOPE,FALSE
PRIM,FALSE
LNN,FALSE
MSEX,FALSE
SVM,TRUE
EGBN,FALSE
IYG,#N/A
DEN,#N/A
EVH,#N/A
CLB,#N/A
ANF,#N/A
GHG,#N/A
STC,FALSE
TEF,FALSE
SA,#N/A
FFG,FALSE
XPEL,FALSE
TNC,FALSE
CERS,#N/A
VSTA,#N/A
UPLD,#N/A
CHRS,TRUE
RYTM,#N/A
LAC,#N/A
EPZM,#N/A
USAC,#N/A
PHO,#N/A
GVA,#N/A
ADVM,#N/A
ARQT,#N/A
BDTX,#N/A
NFH,#N/A
FARO,#N/A
CLLS,#N/A
IRT,FALSE
MHO,TRUE
PAR,#N/A
AKR,FALSE
LBRT,#N/A
NFJ,#N/A
PASG,#N/A
CCCC,#N/A
MGNX,#N/A
GRVY,FALSE
TLND,#N/A
LX,#N/A
KNSA,#N/A
IMGN,#N/A
GTY,FALSE
GES,#N/A
DDD,#N/A
FDP,FALSE
SY,#N/A
MBUU,FALSE
AZZ,FALSE
AMRX,#N/A
ENDP,#N/A
ECPG,FALSE
NXE,#N/A
BST,FALSE
DK,#N/A
SWM,FALSE
UVV,FALSE
ARVN,#N/A
FLGT,FALSE
RNA,#N/A
STAR,#N/A
HPK,#N/A
AIR,#N/A
VCEL,FALSE
RMR,TRUE
NRC,FALSE
PUBM,#N/A
DBC,#N/A
TBK,FALSE
TBKCP,#N/A
GMS,FALSE
FORTY,TRUE
TTCF,#N/A
CLI,#N/A
TBPH,#N/A
IH,#N/A
CSTL,#N/A
PLAY,#N/A
EWQ,#N/A
RAVN,FALSE
ORIC,#N/A
VBTX,FALSE
CNXN,FALSE
SLP,FALSE
CANG,#N/A
IPOC,#N/A
NRK,FALSE
RDWR,FALSE
HURN,#N/A
MTRN,FALSE
NXGN,FALSE
QADA,FALSE
QADB,FALSE
HIMX,FALSE
ALEX,FALSE
WIRE,FALSE
VCRA,#N/A
JWS,#N/A
CASH,TRUE
SAFT,FALSE
BUSE,TRUE
BOOT,FALSE
PGTI,FALSE
FOE,#N/A
SMP,FALSE
BPMP,TRUE
KRYS,#N/A
FREQ,#N/A
DRQ,#N/A
GTH,#N/A
NMZ,#N/A
GBX,TRUE
ALEC,#N/A
LADR,TRUE
DLX,FALSE
GEO,TRUE
SUPN,TRUE
ATRI,FALSE
ECOL,#N/A
OPI,TRUE
OPINI,#N/A
OPINL,#N/A
CNR,#N/A
CRTO,TRUE
ARCB,TRUE
MODN,#N/A
LMNX,FALSE
DDS,#N/A
NMFC,#N/A
NMFCL,#N/A
UTZ,#N/A
VSTO,#N/A
KPTI,#N/A
RWL,#N/A
EVRI,#N/A
SNDX,#N/A
PLUS,TRUE
MTSC,FALSE
FRTA,TRUE
EBIX,FALSE
GRBK,TRUE
CDXS,#N/A
NEXA,#N/A
BAC,TRUE
ZGNX,#N/A
THCB,#N/A
CHCO,FALSE
QNST,FALSE
CHCT,FALSE
SBTX,#N/A
AMSF,FALSE
RGR,FALSE
PRPB,#N/A
AMTI,#N/A
ARCO,#N/A
GIII,TRUE
CRK,#N/A
ELF,FALSE
NTGR,FALSE
UIS,FALSE
EFSC,FALSE
ICF,#N/A
CNDT,#N/A
DIN,#N/A
GFF,TRUE
TCRR,#N/A
BIF,#N/A
FAX,#N/A
ATNX,#N/A
TGP,TRUE
AFYA,#N/A
VITL,#N/A
CCF,FALSE
CTS,FALSE
FRG,#N/A
FRGAP,#N/A
OCFC,FALSE
OCFCP,#N/A
PLT,#N/A
TRIT,#N/A
NXRT,TRUE
SNEX,TRUE
BTAI,#N/A
FDEV,#N/A
INVA,FALSE
CRHC,#N/A
GLNG,#N/A
RNP,#N/A
PTEN,#N/A
HEES,FALSE
CENX,#N/A
TMP,FALSE
TLRY,#N/A
GWB,#N/A
EH,#N/A
OPRA,#N/A
EOS,FALSE
NHC,FALSE
CGEN,#N/A
VET,#N/A
SBSI,FALSE
BROG,#N/A
CLS,TRUE
BWMX,#N/A
SKT,#N/A
FFC,#N/A
SRCE,FALSE
VLRS,#N/A
CYH,#N/A
RAD,#N/A
OTRK,#N/A
OTRKP,#N/A
KREF,FALSE
CHY,#N/A
PRVB,#N/A
ETW,#N/A
TCBK,FALSE
ICPT,#N/A
IHF,#N/A
MORF,#N/A
NBHC,TRUE
SSYS,#N/A
GSAH,#N/A
XHB,#N/A
HYFM,#N/A
QQQX,TRUE
JKD,#N/A
PBI,#N/A
ITOS,#N/A
AWF,#N/A
FCF,TRUE
DHC,#N/A
DHCNI,#N/A
DHCNL,#N/A
HCC,FALSE
SHYF,#N/A
PAM,FALSE
GRPN,#N/A
MDP,#N/A
HOME,#N/A
MYRG,FALSE
RWT,#N/A
AKRO,#N/A
PBF,#N/A
TGH,FALSE
LNTH,FALSE
INN,#N/A
PTNR,FALSE
SSP,FALSE
NBLX,FALSE
SXI,FALSE
PLOW,#N/A
BEST,#N/A
MYI,FALSE
CLNC,#N/A
PRA,#N/A
CMCO,FALSE
SPH,FALSE
RDNT,#N/A
JOUT,FALSE
VERI,#N/A
HQH,FALSE
WNC,#N/A
UHT,FALSE
EIM,FALSE
JPC,#N/A
MCRI,FALSE
ATHA,#N/A
KFRC,FALSE
FBNC,TRUE
KOS,#N/A
RESI,#N/A
BRBR,#N/A
AMEH,FALSE
ACLS,TRUE
DHT,FALSE
ANNX,#N/A
SYBT,FALSE
IRET,FALSE
PLRX,#N/A
STRO,#N/A
SVAC,#N/A
WLL,#N/A
BHLB,#N/A
EIG,FALSE
IMOS,FALSE
ZUMZ,FALSE
AACQ,#N/A
FOR,TRUE
NVEE,FALSE
PI,#N/A
EVER,#N/A
HY,TRUE
AGYS,#N/A
KMDA,TRUE
CHI,#N/A
OEC,TRUE
SII,FALSE
KRNY,FALSE
STBA,FALSE
BRKL,FALSE
OXM,#N/A
GNMK,#N/A
GME,#N/A
GHLD,#N/A
CIIC,#N/A
STKL,#N/A
NP,#N/A
BHE,#N/A
CMRE,#N/A
GRC,FALSE
AVO,#N/A
AOD,#N/A
HTBX,#N/A
OSUR,#N/A
IESC,FALSE
TPRE,TRUE
RILY,FALSE
RILYG,#N/A
RILYI,#N/A
RILYL,#N/A
RILYM,#N/A
RILYN,#N/A
RILYO,#N/A
RILYP,#N/A
IIIV,#N/A
EWP,#N/A
PML,#N/A
ATEC,#N/A
PACK,#N/A
IMAX,#N/A
CXW,TRUE
RBBN,#N/A
OMER,#N/A
PETQ,#N/A
AUDC,FALSE
OFG,TRUE
TRHC,#N/A
DRD,TRUE
GAM,#N/A
DESP,#N/A
AXL,#N/A
AMPH,FALSE
TVTY,#N/A
SCHL,#N/A
HA,#N/A
KXI,#N/A
CHEF,#N/A
LL,FALSE
HNGR,TRUE
MATW,#N/A
JBSS,FALSE
CCX,#N/A
ITMR,#N/A
DENN,FALSE
PRDO,FALSE
VNOM,#N/A
UNFI,#N/A
PAE,#N/A
VMO,FALSE
CHAD,#N/A
CHAU,#N/A
CURE,#N/A
DRN,#N/A
EDC,#N/A
EDZ,#N/A
ERY,#N/A
EURL,#N/A
FAS,#N/A
INDL,#N/A
KORU,#N/A
LABU,#N/A
MIDU,#N/A
NAIL,#N/A
PILL,#N/A
QQQE,#N/A
RUSL,#N/A
SOXL,#N/A
SPXL,#N/A
TECL,#N/A
TMF,#N/A
TNA,#N/A
TYD,#N/A
TYO,#N/A
YANG,#N/A
YINN,#N/A
DYN,#N/A
CRTX,#N/A
KELYA,#N/A
KELYB,#N/A
AGT,#N/A
HOLI,FALSE
GEL,#N/A
KIE,#N/A
CLNE,FALSE
CEVA,#N/A
JQC,#N/A
VTOL,#N/A
VECO,#N/A
AIO,#N/A
CAMT,FALSE
ACEL,#N/A
IHRT,#N/A
MMX,#N/A
SWBI,FALSE
GOGO,#N/A
DLY,#N/A
BHK,FALSE
JKG,#N/A
TDF,#N/A
KIDS,#N/A
GABC,FALSE
HFWA,FALSE
CLM,#N/A
CKH,FALSE
NNDM,#N/A
GOF,#N/A
INGN,#N/A
NESR,FALSE
AHH,FALSE
CRY,#N/A
FHTX,#N/A
DBD,#N/A
VIVO,FALSE
PFC,TRUE
ALGS,#N/A
TPB,FALSE
CARS,#N/A
MAXN,#N/A
SGH,#N/A
TEN,#N/A
AC,#N/A
AMRS,#N/A
NEX,#N/A
SGTX,#N/A
ENTA,#N/A
FORR,FALSE
TSHA,#N/A
OSPN,FALSE
SIBN,#N/A
FBM,TRUE
SCU,#N/A
EMD,#N/A
AFIB,#N/A
IYF,#N/A
STPK,#N/A
RES,#N/A
COWN,FALSE
COWNZ,#N/A
PTGX,#N/A
SRI,#N/A
TRTX,#N/A
KYN,#N/A
THQ,FALSE
AMBC,#N/A
AFIN,#N/A
AFINP,#N/A
MBIN,FALSE
MBINO,#N/A
MBINP,#N/A
VFF,#N/A
VXRT,#N/A
OII,#N/A
ESPR,#N/A
WOW,FALSE
CET,#N/A
SFL,#N/A
BCSF,#N/A
ACCO,TRUE
CNOB,FALSE
ENVA,TRUE
TCX,FALSE
DMRC,#N/A
PDFS,#N/A
SCHN,#N/A
AGM,FALSE
PHK,#N/A
OCSL,FALSE
WRLD,TRUE
GSG,#N/A
QUOT,#N/A
IGR,#N/A
QTT,#N/A
ECHO,FALSE
LEAP,#N/A
TBBK,FALSE
KODK,#N/A
EXTR,#N/A
CPAC,FALSE
MGPI,FALSE