Ticker,Event,URL
Adobe Inc.,Q4 2020 Earnings,https://markets.businessinsider.com/stocks/adbe-stock
Cisco Inc.,Annual General Meeting,https://markets.businessinsider.com/stocks/csco-stock
Oracle Corp.,Q2 2021 Earnings,https://markets.businessinsider.com/stocks/orcl-stock
Costco Wholesale Corp.,Q1 2021 Earnings,https://markets.businessinsider.com/stocks/cost-stock
Broadcom,Q4 2020 Earnings,https://markets.businessinsider.com/stocks/avgo-stock
Medtronic PLC,Annual General Meeting,https://markets.businessinsider.com/stocks/mdt-stock
Westpac Banking Corp.,Annual General Meeting,https://markets.businessinsider.com/stocks/westpac_banking-stock
Lululemon Athletica IncShs,Q3 2020 Earnings,https://markets.businessinsider.com/stocks/lulu-stock
Brown-Forman Corp. (B),Q2 2021 Earnings,https://markets.businessinsider.com/stocks/bf-b-stock
Brown-Forman Corp. (A),Q2 2021 Earnings,https://markets.businessinsider.com/stocks/bf-a-stock
Peloton Interactive,Annual General Meeting,https://markets.businessinsider.com/stocks/pton-stock
Warrant auf Call-Warrant von Bank Vontobel bis 16.09.2011,Q3 2020 Earnings,https://markets.businessinsider.com/stocks/chwy-stock
Chewy Inc Registered Shs -A-,Q3 2020 Earnings,https://markets.businessinsider.com/stocks/chwy-stock
Palo Alto Networks Inc,Annual General Meeting,https://markets.businessinsider.com/stocks/panw-stock
AutoZone Inc.,Q1 2021 Earnings,https://markets.businessinsider.com/stocks/azo-stock
Slack,Q3 2021 Earnings,https://markets.businessinsider.com/stocks/work-stock
Coupa Software Inc Registered Shs,Q3 2021 Earnings,https://markets.businessinsider.com/stocks/coup-stock
StoneCo Ltd Registered Shs -A-,Annual General Meeting,https://markets.businessinsider.com/stocks/stne-stock
Ashtead plc,Q2 2021 Earnings,https://markets.businessinsider.com/stocks/ashtead-stock
MongoDB,Q3 2021 Earnings,https://markets.businessinsider.com/stocks/mdb-stock
Ubiquiti Networks Inc Registered Shs,Annual General Meeting,https://markets.businessinsider.com/stocks/ui-stock
Campbell Soup Co.,Q1 2021 Earnings,https://markets.businessinsider.com/stocks/cpb-stock
Top Glove Corporation Bhd,Q1 2021 Earnings,https://markets.businessinsider.com/stocks/top_glove_1-stock
Dollarama Inc,Q3 2021 Earnings,https://markets.businessinsider.com/stocks/dollarama-stock
Sekisui House Ltd.,Q3 2020 Earnings,https://markets.businessinsider.com/stocks/sekisui_house-stock
Carl Zeiss Meditec AG,Q4 2020 Earnings,https://markets.businessinsider.com/stocks/carl_zeiss_meditec-stock
Barry Callebaut AG (N),Annual General Meeting,https://markets.businessinsider.com/stocks/barry_callebaut-stock
Warrant auf Call-Warrant von Bank Julius BÃ¤r bis 21.09.2012,Annual General Meeting,https://markets.businessinsider.com/stocks/barry_callebaut-stock
Vail Resorts IncShs,Q1 2021 Earnings,https://markets.businessinsider.com/stocks/mtn-stock
ParcelPal Technology Inc,Q3 2020 Earnings,https://markets.businessinsider.com/stocks/parcelpal_technology-stock
Sailfish Royalty Corp Registered Shs,Annual General Meeting,https://markets.businessinsider.com/stocks/sailfish_royalty-stock
Tailwind Capital Corporation Registered Shs,Annual General Meeting,https://markets.businessinsider.com/stocks/tailwind_capital-stock
Inflection Resources Ltd Registered Shs,Annual General Meeting,https://markets.businessinsider.com/stocks/inflection_resources-stock
Star Phoenix Group Ltd Registered Shs,Annual General Meeting,https://markets.businessinsider.com/stocks/star_phoenix_group-stock
MFC Bancorp Ltd Registered Shs,Annual General Meeting,https://markets.businessinsider.com/stocks/srl-stock
ParcelPal Technology Inc,Q3 2020 Earnings,https://markets.businessinsider.com/stocks/parcelpal_technology-stock
Sailfish Royalty Corp Registered Shs,Annual General Meeting,https://markets.businessinsider.com/stocks/sailfish_royalty-stock
Tailwind Capital Corporation Registered Shs,Annual General Meeting,https://markets.businessinsider.com/stocks/tailwind_capital-stock
Inflection Resources Ltd Registered Shs,Annual General Meeting,https://markets.businessinsider.com/stocks/inflection_resources-stock
Star Phoenix Group Ltd Registered Shs,Annual General Meeting,https://markets.businessinsider.com/stocks/star_phoenix_group-stock
MFC Bancorp Ltd Registered Shs,Annual General Meeting,https://markets.businessinsider.com/stocks/srl-stock
