Stock,Predecision
TAK,#N/A
AAPL,FALSE
MSFT,FALSE
AMZN,FALSE
GOOG,FALSE
GOOGL,FALSE
AMAG,FALSE
TSLA,FALSE
ALRS,FALSE
FB,TRUE
USV,#N/A
BABA,FALSE
BRK.A,FALSE
BRK.B,FALSE
VALE,FALSE
TSM,FALSE
V,FALSE
JNJ,FALSE
WMT,FALSE
JPM,FALSE
AMJ,#N/A
PBR,#N/A
PBR.A,#N/A
MA,FALSE
UNH,FALSE
PG,FALSE
SPY,#N/A
NVDA,FALSE
DIS,#N/A
ITUB,FALSE
HD,FALSE
PYPL,FALSE
ABEV,#N/A
TM,TRUE
IVV,FALSE
VZ,TRUE
CMCSA,FALSE
ADBE,FALSE
NVS,TRUE
BBD,FALSE
BBDO,#N/A
NFLX,FALSE
PDD,#N/A
KO,TRUE
ASML,FALSE
INTC,FALSE
MRK,FALSE
T,TRUE
TBB,#N/A
TBC,#N/A
PFE,FALSE
CRM,FALSE
TMO,FALSE
PEP,TRUE
ABT,FALSE
XOM,FALSE
CSCO,FALSE
ABBV,FALSE
ORCL,TRUE
NKE,FALSE
AVGO,FALSE
QCOM,FALSE
CVX,#N/A
ACN,FALSE
BSBR,FALSE
DHR,FALSE
BBL,FALSE
BHP,FALSE
TMUS,FALSE
COST,TRUE
VTI,FALSE
GMAB,#N/A
SAP,FALSE
MDT,FALSE
UL,FALSE
MCD,FALSE
LLY,FALSE
NEE,FALSE
TXN,FALSE
RDS.A,#N/A
RDS.B,#N/A
QQQ,#N/A
JD,FALSE
UNP,FALSE
HON,FALSE
SHOP,FALSE
RIO,FALSE
LFC,FALSE
LIN,FALSE
BMY,#N/A
AMGN,FALSE
WFC,FALSE
MLPY,#N/A
MS,FALSE
C,FALSE
HDB,FALSE
AZN,FALSE
SNE,FALSE
PM,FALSE
NVO,TRUE
CHTR,FALSE
SBUX,FALSE
SNY,TRUE
TOT,#N/A
BUD,#N/A
LOW,FALSE
RY,FALSE
BA,#N/A
BLK,FALSE
IBM,FALSE
AMD,FALSE
HSBC,#N/A
UPS,TRUE
CHL,FALSE
PTR,FALSE
SCHW,FALSE
SQ,FALSE
RTX,#N/A
TD,FALSE
CAT,FALSE
SE,#N/A
NOW,FALSE
INTU,FALSE
ZM,FALSE
GS,FALSE
GE,FALSE
GEC,#N/A
AMT,FALSE
AXP,FALSE
CVS,FALSE
TGT,FALSE
DEO,FALSE
GSK,FALSE
ISRG,FALSE
MMM,TRUE
EL,FALSE
LMT,TRUE
NIO,#N/A
DE,FALSE
SYK,FALSE
ABNB,#N/A
BTI,FALSE
AMAT,FALSE
MU,FALSE
FIS,#N/A
MELI,#N/A
SUZ,#N/A
SNOW,#N/A
TJX,FALSE
ANTM,FALSE
BP,#N/A
MDLZ,FALSE
CNI,FALSE
BIDU,FALSE
ZTS,FALSE
CI,FALSE
INFY,FALSE
NTES,FALSE
GILD,FALSE
VWO,#N/A
SPGI,TRUE
SNAP,#N/A
FISV,FALSE
CHEP,#N/A
MO,FALSE
BEKE,#N/A
VIV,TRUE
BX,FALSE
USB,FALSE
SNP,FALSE
BDX,FALSE
BDXB,#N/A
ADP,FALSE
CSX,FALSE
LRCX,FALSE
CME,FALSE
PLD,FALSE
CL,TRUE
GLD,TRUE
ATVI,FALSE
ADSK,FALSE
CB,FALSE
NTCO,#N/A
AGG,TRUE
IWF,FALSE
TFC,FALSE
ENB,FALSE
ENBA,#N/A
PNC,FALSE
CCI,FALSE
DUK,FALSE
DUKB,#N/A
DUKH,#N/A
SHW,FALSE
ITW,FALSE
SPOT,#N/A
ICE,FALSE
ABB,FALSE
SO,FALSE
SOJB,#N/A
SOJC,#N/A
SOJD,#N/A
SOJE,#N/A
VUG,FALSE
FDX,TRUE
BNS,FALSE
NSC,FALSE
CP,FALSE
MUFG,FALSE
ECL,#N/A
APD,FALSE
IJH,FALSE
GPN,FALSE
EQIX,FALSE
GM,FALSE
VRTX,FALSE
EQNR,#N/A
DD,#N/A
VMW,FALSE
D,TRUE
BAM,#N/A
TEAM,#N/A
SAN,#N/A
IWM,FALSE
HCA,FALSE
ADI,FALSE
DELL,FALSE
TWLO,#N/A
HUM,FALSE
MMC,TRUE
WBK,FALSE
EW,FALSE
VTV,FALSE
CEPU,#N/A
ILMN,FALSE
IJR,FALSE
PGR,TRUE
SCCO,FALSE
WDAY,#N/A
EBR,#N/A
EBR.B,#N/A
SID,FALSE
REGN,FALSE
DG,FALSE
MCO,TRUE
BSX,FALSE
IBN,FALSE
AMX,FALSE
AMOV,FALSE
PHG,FALSE
HMC,FALSE
PUK,#N/A
ROKU,#N/A
ETN,FALSE
COF,FALSE
BMLP,#N/A
BMO,FALSE
BNKD,#N/A
BNKU,#N/A
FNGD,#N/A
FNGO,#N/A
FNGS,#N/A
FNGU,#N/A
FNGZ,#N/A
GNAF,#N/A
MJJ,#N/A
MJO,#N/A
NRGD,#N/A
NRGU,#N/A
NEM,TRUE
MNST,FALSE
WM,FALSE
RELX,FALSE
CRWD,#N/A
NXPI,#N/A
EMR,FALSE
NOC,TRUE
CVNA,#N/A
COP,#N/A
LULU,FALSE
GGB,FALSE
VIG,FALSE
VOD,FALSE
AON,FALSE
EPD,FALSE
SMFG,FALSE
PTON,FALSE
DOCU,#N/A
FCX,#N/A
ROP,FALSE
KDP,FALSE
ALGN,FALSE
KMB,TRUE
MRNA,#N/A
STZ.B,#N/A
STZ,FALSE
MET,FALSE
PINS,#N/A
LVS,#N/A
KLAC,FALSE
PLTR,#N/A
CTSH,FALSE
IDXX,FALSE
VEEV,FALSE
ROST,FALSE
IWD,FALSE
GD,FALSE
DOW,#N/A
TEL,#N/A
GOLD,TRUE
NGG,FALSE
MAR,FALSE
SIM,#N/A
BAX,FALSE
EXC,FALSE
BILI,#N/A
EA,FALSE
KHC,#N/A
RACE,FALSE
TWTR,#N/A
APH,FALSE
MTCH,FALSE
CEO,FALSE
SNPS,FALSE
E,#N/A
TRI,TRUE
CHWY,#N/A
TRP,FALSE
BK,FALSE
ING,FALSE
RKT,#N/A
U,#N/A
CNC,FALSE
SYY,#N/A
CM,FALSE
BCE,FALSE
APTV,FALSE
AEP,TRUE
AEPPL,#N/A
AEPPZ,#N/A
CMG,FALSE
WBA,#N/A
A,FALSE
PSA,FALSE
BIIB,FALSE
GDS,#N/A
MCHP,FALSE
QSR,FALSE
CDNS,FALSE
LHX,FALSE
EBAY,FALSE
EBAYL,#N/A
MSCI,FALSE
XLK,FALSE
DLR,FALSE
TTD,FALSE
DXCM,FALSE
NTR,#N/A
CRH,FALSE
JCI,FALSE
ERIC,FALSE
CTAS,FALSE
BF.B,FALSE
BF.A,FALSE
TT,FALSE
IQV,FALSE
MFC,FALSE
STM,FALSE
CSGP,FALSE
PH,FALSE
WIT,FALSE
VGT,FALSE
PANW,#N/A
XPEV,#N/A
ATMP,#N/A
BAL,#N/A
BCM,#N/A
BCS,FALSE
CAPE,#N/A
COW,#N/A
DFVL,#N/A
DFVS,#N/A
DJP,#N/A
GAZ,#N/A
GBUG,#N/A
GRN,#N/A
GSP,#N/A
IMLP,#N/A
JJA,#N/A
JJC,#N/A
JJE,#N/A
JJG,#N/A
JJM,#N/A
JJN,#N/A
JJP,#N/A
JJS,#N/A
JJT,#N/A
JJU,#N/A
JO,#N/A
LD,#N/A
NIB,#N/A
OIL,#N/A
PGM,#N/A
RODI,#N/A
SBUG,#N/A
SGG,#N/A
VXX,#N/A
XVZ,#N/A
INFO,FALSE
TRV,FALSE
TME,FALSE
CARR,FALSE
F,#N/A
VO,FALSE
BBVA,#N/A
PPG,FALSE
AIG,#N/A
TROW,FALSE
MFG,FALSE
LU,#N/A
LYG,FALSE
RNG,#N/A
CMI,FALSE
KKR,FALSE
ORLY,FALSE
EEM,#N/A
SLB,#N/A
XEL,FALSE
SRE,TRUE
GIS,TRUE
ALXN,FALSE
EOG,#N/A
VFC,#N/A
TIMB,TRUE
Z,#N/A
ZG,#N/A
CS,FALSE
ALL,FALSE
TDG,FALSE
VB,FALSE
ORAN,FALSE
PAYX,FALSE
TDOC,#N/A
ZBH,#N/A
HPQ,FALSE
MRVL,FALSE
KMI,FALSE
OKTA,#N/A
VRSK,FALSE
YUM,FALSE
LYB,FALSE
RPRX,FALSE
CTVA,FALSE
ANSS,FALSE
SGEN,FALSE
PFH,#N/A
PRS,#N/A
PRU,#N/A
CNQ,#N/A
RMD,FALSE
HLT,#N/A
IAU,#N/A
AFL,FALSE
FNV,FALSE
ES,FALSE
RSG,FALSE
PSX,#N/A
LI,#N/A
CHT,FALSE
EDU,FALSE
ITOT,FALSE
ALC,#N/A
DDOG,#N/A
PCAR,FALSE
ROK,FALSE
IBKR,FALSE
SBS,FALSE
DFS,FALSE
SBAC,#N/A
BLL,FALSE
MSI,FALSE
MCK,FALSE
MTD,FALSE
ADM,FALSE
FAST,FALSE
PEG,FALSE
OTIS,FALSE
CPRT,FALSE
AZO,FALSE
AWK,FALSE
AME,FALSE
EC,FALSE
SPG,FALSE
SWK,FALSE
GLW,FALSE
SU,#N/A
FRC,FALSE
MPC,#N/A
SLF,FALSE
BBY,FALSE
UGP,FALSE
WEC,TRUE
LUV,#N/A
WCN,FALSE
NWG,FALSE
KEYS,FALSE
STT,FALSE
LBRDA,FALSE
LBRDK,FALSE
SWKS,FALSE
TAL,FALSE
TU,FALSE
SPLK,#N/A
IWB,FALSE
DLTR,FALSE
XLF,#N/A
ZS,#N/A
WLTW,TRUE
ENPH,FALSE
WELL,FALSE
FWONA,#N/A
FWONK,#N/A
LSXMK,TRUE
WMB,FALSE
PAYC,FALSE
W,#N/A
CAJ,FALSE
DAL,#N/A
DIA,FALSE
IWR,FALSE
IWC,FALSE
MKC,FALSE
MKC.V,FALSE
BGNE,#N/A
MT,#N/A
MTCN,#N/A
FMS,FALSE
MXIM,FALSE
FMX,FALSE
SIRI,TRUE
YUMC,FALSE
YNDX,FALSE
CLX,TRUE
TLK,FALSE
PTI,#N/A
WY,FALSE
COUP,#N/A
ZTO,FALSE
VIAC,FALSE
VIACA,FALSE
STNE,FALSE
HRL,TRUE
CERN,FALSE
FTV,FALSE
MPLX,#N/A
DHI,TRUE
WORK,#N/A
NET,#N/A
PCG,#N/A
RCI,FALSE
RYAAY,#N/A
CIG,FALSE
CIG.C,FALSE
TTWO,FALSE
BNTX,#N/A
ODFL,FALSE
DB,#N/A
KR,TRUE
FTNT,FALSE
ED,TRUE
PLUG,#N/A
AMP,FALSE
FTS,TRUE
EIX,FALSE
TEF,FALSE
VLO,#N/A
BKR,FALSE
PKX,FALSE
GRMN,FALSE
AJG,FALSE
ANET,FALSE
VRSN,TRUE
FLT,FALSE
ARE,TRUE
CCEP,#N/A
MDY,#N/A
DTB,#N/A
DTE,TRUE
DTJ,#N/A
DTW,#N/A
DTY,#N/A
NDAQ,FALSE
WST,FALSE
MGA,FALSE
EFX,FALSE
XP,FALSE
ICL,FALSE
IX,FALSE
ABC,#N/A
HSY,FALSE
LEN,TRUE
LEN.B,TRUE
IGSB,FALSE
FCAU,#N/A
NOK,FALSE
FITB,FALSE
FITBI,#N/A
FITBO,#N/A
FITBP,#N/A
ETSY,FALSE
AVB,FALSE
EXAS,#N/A
TIP,FALSE
SIVB,FALSE
SIVBP,#N/A
TER,FALSE
XLV,FALSE
CHA,FALSE
CUK,#N/A
EQR,FALSE
MDB,#N/A
CCL,#N/A
ZBRA,FALSE
PXD,FALSE
VMC,FALSE
PPL,FALSE
SYF,FALSE
GWW,FALSE
CHD,TRUE
UMC,FALSE
CBRE,FALSE
O,FALSE
MKTX,FALSE
BIP,#N/A
FTCH,#N/A
LH,FALSE
APO,#N/A
K,TRUE
HOLX,FALSE
INCY,#N/A
CBD,TRUE
QRVO,FALSE
EXPE,#N/A
DKNG,#N/A
VIPS,FALSE
IP,FALSE
SDY,FALSE
NTRSO,#N/A
NTRS,FALSE
ROL,FALSE
TCOM,#N/A
ATUS,FALSE
XLY,FALSE
BAK,#N/A
VV,FALSE
ALB,FALSE
WPM,FALSE
SHY,FALSE
SNN,FALSE
IR,#N/A
XYL,FALSE
MLM,FALSE
ELP,TRUE
PFF,TRUE
TFX,FALSE
CDW,FALSE
EPAM,FALSE
CVAC,#N/A
ETR,TRUE
RUN,FALSE
SKM,FALSE
TSN,FALSE
NMR,FALSE
URI,FALSE
OXY,#N/A
HYG,FALSE
DOV,FALSE
CCC,#N/A
PBA,FALSE
AEE,TRUE
CTLT,FALSE
MTB,FALSE
HES,#N/A
CHKP,FALSE
HUBS,#N/A
WMG,#N/A
CHU,FALSE
CNHI,#N/A
SSNC,FALSE
GIB,FALSE
BIO,FALSE
BIO.B,#N/A
SEDG,FALSE
ET,#N/A
TRMB,FALSE
BR,FALSE
AMCR,FALSE
TRU,FALSE
TLT,TRUE
PAGS,FALSE
PKI,FALSE
HGH,#N/A
HIG,FALSE
IVE,FALSE
BRFS,TRUE
COO,FALSE
FOX,FALSE
FOXA,FALSE
KEY,FALSE
HAL,#N/A
OKE,FALSE
ZI,#N/A
LOGI,FALSE
VTR,FALSE
KB,FALSE
TYL,FALSE
HZNP,FALSE
BURL,#N/A
AEM,TRUE
PODD,FALSE
CQP,FALSE
HEI,FALSE
HEI.A,FALSE
MPWR,FALSE
DISH,FALSE
ZEN,#N/A
TSCO,FALSE
NVCR,FALSE
STE,FALSE
NICE,FALSE
TXG,#N/A
BEP,#N/A
ALNY,#N/A
NUE,FALSE
AES,#N/A
CFG,FALSE
RF,FALSE
AKAM,TRUE
AVTR,FALSE
EWJ,FALSE
CAG,TRUE
KMX,FALSE
ULTA,FALSE
DGX,FALSE
CMS,TRUE
CMSA,#N/A
CMSC,#N/A
CMSD,#N/A
INVH,FALSE
CZR,#N/A
CAH,FALSE
RCL,#N/A
GDRX,#N/A
IAC,#N/A
BMRN,FALSE
WAT,FALSE
FE,FALSE
DRI,#N/A
LNG,FALSE
UI,TRUE
CTXS,FALSE
VAR,FALSE
SHG,FALSE
CE,FALSE
IMO,#N/A
EXPD,FALSE
TIF,FALSE
LYV,#N/A
VBR,FALSE
GNRC,FALSE
JBHT,FALSE
BPY,#N/A
BPYPN,#N/A
BPYPO,#N/A
BPYPP,#N/A
WDC,#N/A
FMC,FALSE
POOL,FALSE
IEX,FALSE
CDAY,FALSE
MASI,FALSE
KEP,FALSE
HTHT,#N/A
VGK,#N/A
DISCA,FALSE
DISCB,FALSE
DISCK,FALSE
MGM,FALSE
WAB,FALSE
PEAK,FALSE
HPE,#N/A
IQ,#N/A
AFK,#N/A
BIZD,#N/A
BJK,#N/A
BRF,#N/A
CBON,#N/A
EGPT,#N/A
EMAG,#N/A
EVX,FALSE
FLTR,#N/A
GDX,#N/A
GDXJ,#N/A
GLCN,#N/A
GLIN,#N/A
HAP,#N/A
IDX,#N/A
MLN,#N/A
MOO,#N/A
MORT,#N/A
NLR,#N/A
RSX,#N/A
RSXJ,#N/A
SLX,#N/A
SMB,#N/A
SMOG,#N/A
VNM,#N/A
XMPT,#N/A
DPZ,FALSE
KL,TRUE
ESS,FALSE
STX,TRUE
IT,FALSE
LYFT,#N/A
DVY,FALSE
CGNX,FALSE
PTC,FALSE
GPC,#N/A
LDOS,FALSE
TW,FALSE
ELAN,#N/A
ELAT,#N/A
ACGL,FALSE
ACGLO,#N/A
ACGLP,#N/A
J,FALSE
HBAN,FALSE
HBANN,#N/A
HBANO,#N/A
LBTYA,#N/A
LBTYB,#N/A
LBTYK,#N/A
EXR,FALSE
WIX,#N/A
ABMD,FALSE
OIBR.C,FALSE
NVR,TRUE
ON,FALSE
IEF,TRUE
PENN,#N/A
FICO,FALSE
AGR,FALSE
NTAP,FALSE
MKL,FALSE
XLP,FALSE
MOH,FALSE
DRE,FALSE
CGC,#N/A
MAA,FALSE
EMN,FALSE
SUI,FALSE
GH,#N/A
PFG,FALSE
SLV,#N/A
CPB,TRUE
OSH,#N/A
MAS,FALSE
CINF,FALSE
GRFS,#N/A
ASX,FALSE
BXP,TRUE
ALLY,FALSE
RJF,FALSE
DVA,FALSE
GDDY,#N/A
AVLR,#N/A
WPP,#N/A
BKI,FALSE
CRSP,#N/A
VICI,FALSE
AI,#N/A
IWO,FALSE
PKG,FALSE
OMC,FALSE
BRO,FALSE
VBK,FALSE
TDY,FALSE
NUAN,FALSE
CRL,FALSE
ENTG,FALSE
CCK,FALSE
HAS,FALSE
ESTC,#N/A
SJM,FALSE
CHRW,FALSE
CVE,#N/A
BAP,FALSE
BSY,FALSE
AVY,FALSE
AQN,FALSE
AQNA,#N/A
AQNB,#N/A
LB,#N/A
PPD,FALSE
IPGP,FALSE
IEP,#N/A
ZLAB,#N/A
L,#N/A
ENIA,FALSE
CXO,#N/A
BEN,FALSE
JKHY,FALSE
IFF,FALSE
TECH,FALSE
XRAY,#N/A
JHX,FALSE
FDS,FALSE
UAL,#N/A
BAH,FALSE
SMG,FALSE
CREE,#N/A
GGG,FALSE
IWS,FALSE
ATHM,FALSE
IWV,FALSE
NLOK,FALSE
CHGG,#N/A
CABO,FALSE
GFL,#N/A
XLI,FALSE
LNT,TRUE
ARES,FALSE
SAM,FALSE
OTEX,FALSE
DVN,#N/A
HWM,FALSE
AZUL,#N/A
FBHS,FALSE
EVRG,TRUE
MYOK,#N/A
ERIE,FALSE
ZNH,#N/A
WISH,#N/A
QGEN,FALSE
WTRG,FALSE
IHG,#N/A
RDY,FALSE
DT,FALSE
SBSW,TRUE
VHT,FALSE
UHS,FALSE
WRK,#N/A
EQH,#N/A
WRB,FALSE
TEVA,#N/A
NDSN,FALSE
FFIV,FALSE
WPC,TRUE
LKQ,FALSE
OLED,FALSE
NLY,#N/A
GSX,#N/A
AAP,FALSE
LUMN,FALSE
XPO,FALSE
FIVN,#N/A
FNF,FALSE
RPM,TRUE
MPW,FALSE
CG,#N/A
ICLR,FALSE
CNP,#N/A
RGEN,FALSE
WLK,FALSE
BILL,#N/A
ATO,TRUE
LW,FALSE
MTN,FALSE
WHR,FALSE
BCH,FALSE
PHM,TRUE
ELS,FALSE
ARGX,#N/A
TXT,FALSE
ALLE,FALSE
FSLR,FALSE
UDR,FALSE
IGIB,TRUE
PCTY,FALSE
PEGA,#N/A
GWRE,#N/A
MRTX,#N/A
NWS,#N/A
NWSA,#N/A
IBB,FALSE
CNA,FALSE
DNB,#N/A
TAP,FALSE
TAP.A,#N/A
TTC,FALSE
BEPC,FALSE
ZNGA,#N/A
IUSG,FALSE
CBOE,FALSE
XLU,FALSE
APPN,#N/A
IWN,FALSE
PWR,FALSE
ABCL,FALSE
DAR,FALSE
VXF,FALSE
LII,FALSE
KC,#N/A
FND,FALSE
NBIX,FALSE
TECK,#N/A
HST,#N/A
BSAC,FALSE
TREX,FALSE
HSIC,FALSE
VST,FALSE
JNK,#N/A
MHK,FALSE
FIVE,FALSE
TS,#N/A
MOS,#N/A
FATE,#N/A
PLAN,#N/A
GL,FALSE
DADA,#N/A
AMED,FALSE
CEA,#N/A
MMP,FALSE
FSLY,#N/A
MORN,FALSE
LEA,FALSE
LNC,FALSE
RARE,#N/A
RH,FALSE
BWA,FALSE
NFE,#N/A
WB,FALSE
AU,TRUE
BG,FALSE
BFAM,FALSE
NWL,#N/A
CIB,FALSE
DLB,FALSE
AZPN,FALSE
ARMK,#N/A
ACH,#N/A
DNLI,#N/A
WU,FALSE
GLPI,FALSE
RE,FALSE
NRG,FALSE
FLEX,FALSE
TPR,#N/A
IPG,FALSE
NTRA,#N/A
CPT,FALSE
HNP,FALSE
AMH,FALSE
SNA,FALSE
SJR,FALSE
WEX,FALSE
PNR,FALSE
VEDL,#N/A
DBX,FALSE
KGC,TRUE
WSO,FALSE
WSO.B,#N/A
UHAL,FALSE
DOX,FALSE
CF,FALSE
MBT,FALSE
AAL,#N/A
AEG,FALSE
AEB,#N/A
LPLA,FALSE
GLOB,FALSE
LMND,#N/A
MKSI,FALSE
HUBB,FALSE
Y,#N/A
NVTA,#N/A
BRKR,FALSE
CX,#N/A
TTM,#N/A
ATR,FALSE
ZEAL,#N/A
JAZZ,FALSE
FANG,#N/A
SEIC,FALSE
ASND,#N/A
ST,FALSE
GNTX,FALSE
IAA,FALSE
DECK,FALSE
MLCO,#N/A
RP,FALSE
LSPD,#N/A
SCI,FALSE
IPHI,#N/A
PNW,TRUE
CHE,FALSE
FUTU,FALSE
OCFT,#N/A
OC,#N/A
ATH,FALSE
IVZ,FALSE
MNSO,#N/A
IIVI,#N/A
IIVIP,#N/A
CMA,FALSE
IONS,FALSE
AGNCP,TRUE
AGNC,#N/A
AGNCM,#N/A
AGNCN,#N/A
AGNCO,#N/A
EHC,FALSE
ACAD,#N/A
RNR,FALSE
LAD,FALSE
OZON,#N/A
AGCO,FALSE
RS,FALSE
LAMR,FALSE
CHDN,#N/A
NI,#N/A
CONE,#N/A
QDEL,FALSE
IVW,FALSE
PRAH,FALSE
SMAR,#N/A
STLD,FALSE
GFI,TRUE
CSL,FALSE
WSM,FALSE
ADPT,#N/A
BLDR,FALSE
EV,FALSE
IRM,FALSE
FHN,FALSE
ARWR,#N/A
CBSH,FALSE
EWBC,FALSE
BHC,#N/A
ACM,FALSE
CIEN,FALSE
ALV,FALSE
AIZ,FALSE
AIZP,FALSE
LEVI,#N/A
STOR,TRUE
BLDP,#N/A
EWZ,FALSE
TWST,#N/A
FVRR,#N/A
OHI,FALSE
LITE,FALSE
BBIO,#N/A
GPS,#N/A
RL,#N/A
NYT,FALSE
ZION,FALSE
ZIONO,TRUE
ZIONL,TRUE
ZIONP,TRUE
ZIONN,TRUE
AAXN,#N/A
ACI,#N/A
VFH,FALSE
IWP,FALSE
AFG,FALSE
AFGB,#N/A
AFGC,#N/A
AFGD,#N/A
AFGE,#N/A
PFPT,#N/A
ARW,FALSE
IUSV,FALSE
G,FALSE
RGA,FALSE
RZA,#N/A
RZB,#N/A
WWD,FALSE
JNPR,FALSE
FSV,FALSE
RDFN,#N/A
KOD,#N/A
VER,TRUE
SBNY,FALSE
NVAX,#N/A
AYX,#N/A
EEFT,FALSE
REG,FALSE
NCLH,#N/A
JLL,FALSE
SYNH,FALSE
GRUB,#N/A
MIDD,FALSE
AOS,FALSE
VOYA,#N/A
RBA,FALSE
DXC,#N/A
H,#N/A
DOOO,FALSE
UA,#N/A
UAA,#N/A
DCI,FALSE
SITE,FALSE
NLSN,#N/A
PAAS,FALSE
BL,#N/A
IOVA,#N/A
BYND,#N/A
PVH,#N/A
MCFE,#N/A
KNX,FALSE
CHNG,#N/A
TGTX,#N/A
UGI,FALSE
RHI,FALSE
UTHR,FALSE
BBU,#N/A
BTG,FALSE
LECO,FALSE
ADT,#N/A
CLF,#N/A
CAE,FALSE
ARCC,FALSE
AFC,#N/A
XLE,FALSE
SEE,FALSE
PEN,#N/A
BERY,TRUE
LINX,#N/A
TTEK,FALSE
SSL,#N/A
CWEN,FALSE
CWEN.A,FALSE
EXEL,FALSE
SPYG,FALSE
MANH,FALSE
TMX,FALSE
PLNT,FALSE
ITT,FALSE
COLD,FALSE
LHCG,FALSE
MRVI,FALSE
XLRN,#N/A
PSO,FALSE
NNN,FALSE
EWY,#N/A
CLR,#N/A
SHC,#N/A
AXTA,FALSE
RGLD,TRUE
FLIR,FALSE
VNO,FALSE
COG,FALSE
PAA,#N/A
SQM,FALSE
PACB,#N/A
HII,FALSE
CASY,FALSE
NKLA,#N/A
QTWO,#N/A
XBI,FALSE
CPRI,#N/A
CD,#N/A
OEF,FALSE
PE,#N/A
HLF,FALSE
NCNO,#N/A
JEF,FALSE
ALLK,#N/A
WAL,FALSE
WALA,#N/A
PAC,FALSE
TRGP,#N/A
YY,FALSE
KIM,FALSE
JBL,FALSE
GMED,FALSE
WF,FALSE
HRC,FALSE
POST,FALSE
TFII,#N/A
CUBE,FALSE
CALT,#N/A
OMF,FALSE
AN,FALSE
LFUS,FALSE
PB,FALSE
TCF,FALSE
TCFCP,#N/A
ERJ,#N/A
HAE,FALSE
SRPT,#N/A
PSTG,#N/A
PII,FALSE
PSXP,FALSE
SC,TRUE
ARRY,FALSE
GOL,#N/A
SRCL,#N/A
CDK,FALSE
REYN,TRUE
WES,FALSE
OGE,#N/A
PFGC,#N/A
TX,FALSE
YETI,FALSE
FRT,FALSE
BC,FALSE
AMWL,#N/A
ORA,FALSE
PHI,FALSE
MAT,#N/A
TKR,FALSE
PRF,FALSE
TPTX,#N/A
ALK,#N/A
SMIN,FALSE
OSK,FALSE
HUN,FALSE
APA,#N/A
NTNX,#N/A
TPL,FALSE
IRTC,#N/A
AAXJ,#N/A
SDGR,#N/A
JHG,FALSE
BLD,FALSE
REXR,FALSE
AZEK,#N/A
ENIC,#N/A
PRGO,#N/A
TNDM,#N/A
SON,FALSE
LSCC,FALSE
MSA,FALSE
NATI,FALSE
IHI,FALSE
BPMC,FALSE
FOLD,#N/A
PBCT,FALSE
PBCTP,FALSE
CACI,TRUE
FCNCA,FALSE
FCNCP,#N/A
FRPT,FALSE
CACC,FALSE
OLLI,FALSE
CHH,FALSE
MRO,#N/A
BZUN,FALSE
APPF,TRUE
FAF,FALSE
VRT,#N/A
SLAB,FALSE
CFR,FALSE
HOG,FALSE
VDC,FALSE
SPCE,#N/A
CYBR,FALSE
BEAM,#N/A
HALO,FALSE
WSC,FALSE
NVRO,#N/A
COLM,FALSE
ANGI,FALSE
VNT,FALSE
PSTH,#N/A
CLGX,TRUE
HTA,FALSE
LEG,FALSE
NOV,#N/A
SFIX,#N/A
NEP,#N/A
NEO,#N/A
KT,FALSE
ACC,FALSE
VAC,#N/A
ORI,FALSE
HQY,FALSE
IJT,FALSE
BE,#N/A
SKX,FALSE
AER,#N/A
DKS,FALSE
IRDM,#N/A
FOUR,#N/A
TPX,FALSE
HESM,FALSE
BLI,#N/A
FROG,#N/A
DCT,#N/A
ESLT,TRUE
ONEM,#N/A
WH,#N/A
CCJ,#N/A
GIL,#N/A
MTZ,FALSE
EDIT,#N/A
BWXT,FALSE
EFA,#N/A
EFV,#N/A
TENB,#N/A
SSB,FALSE
AIV,TRUE
NVST,#N/A
TXRH,FALSE
IART,FALSE
MAN,FALSE
POWI,FALSE
SAIC,FALSE
LSTR,FALSE
ALGM,FALSE
RBC,FALSE
VRNS,#N/A
TNET,FALSE
FFIN,FALSE
GLPG,#N/A
EVR,FALSE
EME,FALSE
HELE,TRUE
EFG,FALSE
JWN,#N/A
SF,FALSE
SFB,#N/A
EGP,FALSE
INGR,FALSE
ESNT,FALSE
FR,FALSE
TOL,FALSE
MDU,FALSE
DQ,FALSE
PRI,FALSE
BYD,#N/A
TV,#N/A
STWD,FALSE
HBI,FALSE
MDLA,#N/A
RXN,FALSE
SNV,FALSE
BOKF,FALSE
BOKFL,#N/A
THO,FALSE
ASR,FALSE
VRM,#N/A
SAGE,#N/A
WPX,#N/A
CRUS,FALSE
AUY,FALSE
PGX,#N/A
HASI,FALSE
FTI,#N/A
ASH,#N/A
BJ,FALSE
SAIL,#N/A
INSP,#N/A
SOXX,FALSE
COTY,#N/A
MPLN,#N/A
EVBG,#N/A
KMPR,FALSE
EXPI,FALSE
TFSL,FALSE
PNFP,FALSE
PNFPP,#N/A
FEYE,#N/A
ALRM,FALSE
FXI,#N/A
EBS,FALSE
DSGX,FALSE
GOCO,#N/A
BHVN,#N/A
NOVA,#N/A
OMCL,FALSE
LAZ,FALSE
AMLP,FALSE
MEDP,FALSE
BRKS,FALSE
COR,FALSE
NYCB,FALSE
SAIA,FALSE
ASAN,#N/A
BPOP,FALSE
PAG,FALSE
NXST,FALSE
SPWR,FALSE
PRLB,FALSE
FOXF,FALSE
HUYA,FALSE
VIRT,FALSE
LANC,FALSE
QRTEA,FALSE
QRTEB,FALSE
QRTEP,#N/A
ORCC,#N/A
HLI,FALSE
AL,FALSE
MSTR,FALSE
AY,FALSE
X,#N/A
SHI,#N/A
LESL,FALSE
FCEL,#N/A
SLM,FALSE
SLMBP,#N/A
TKC,FALSE
BRX,FALSE
GPK,FALSE
SPTM,FALSE
CERT,#N/A
IMVT,#N/A
CW,FALSE
VNET,#N/A
THC,#N/A
ROOT,#N/A
KWR,FALSE
SMTC,FALSE
WEN,FALSE
SWI,FALSE
VERX,#N/A
AMG,FALSE
MGR,#N/A
MGRB,#N/A
FLS,FALSE
STAG,FALSE
JOBS,FALSE
TRIP,#N/A
ALSN,FALSE
EXPO,FALSE
NCR,FALSE
DEI,TRUE
RLI,FALSE
VVNT,#N/A
KNSL,FALSE
SDC,#N/A
QLYS,FALSE
GTLS,FALSE
UNM,FALSE
UNMA,#N/A
GSHD,FALSE
IXN,FALSE
MMS,FALSE
ASGN,FALSE
VCR,FALSE
PPC,FALSE
PHYS,TRUE
EXP,FALSE
CR,FALSE
CUZ,TRUE
NEWR,#N/A
EIDX,#N/A
ESGR,FALSE
ESGRO,#N/A
ESGRP,#N/A
MSM,FALSE
FLO,FALSE
CFX,#N/A
XRX,FALSE
ROLL,FALSE
ESI,FALSE
NEU,FALSE
ICUI,FALSE
AA,#N/A
UPWK,#N/A
NTLA,#N/A
ACHC,FALSE
APPS,FALSE
JBLU,#N/A
ENV,#N/A
PTCT,#N/A
EWT,#N/A
GBCI,FALSE
CCMP,FALSE
CBPO,FALSE
NOVT,FALSE
WK,#N/A
ACIW,FALSE
FL,FALSE
VRNT,FALSE
PINC,#N/A
ENSG,FALSE
UBSI,FALSE
KBR,#N/A
CLH,FALSE
CLDR,#N/A
CC,#N/A
QLD,FALSE
RPD,#N/A
VPL,FALSE
CROX,FALSE
IDA,TRUE
JCOM,FALSE
MTG,FALSE
ARNA,#N/A
NOMD,FALSE
SNX,FALSE
XEC,#N/A
MRCY,FALSE
NEOG,FALSE
THG,FALSE
CRI,FALSE
ALTR,#N/A
FTDR,FALSE
MSGS,#N/A
LPRO,#N/A
AGI,#N/A
HHC,#N/A
OVV,#N/A
VVV,FALSE
DAVA,FALSE
NAV,#N/A
CZZ,TRUE
SLG,FALSE
VIST,#N/A
XLB,#N/A
WING,FALSE
RETA,#N/A
LPSN,#N/A
APLS,#N/A
CCXI,#N/A
SSD,FALSE
OZK,FALSE
OSB,TRUE
API,#N/A
SGMS,#N/A
VICR,FALSE
WBS,FALSE
AEIS,FALSE
SHLX,FALSE
WCC,FALSE
LOPE,FALSE
VLY,FALSE
VLYPO,#N/A
VLYPP,#N/A
AYI,TRUE
MSP,FALSE
AXS,#N/A
SSO,FALSE
ARD,FALSE
BB,#N/A
GOOS,FALSE
COHR,#N/A
RYN,FALSE
WTS,FALSE
SPR,#N/A
FSR,FALSE
PRSP,#N/A
CEF,#N/A
BCPC,FALSE
VPU,FALSE
CELH,FALSE
SRC,#N/A
CNNE,FALSE
NEA,FALSE
OLN,#N/A
ITRI,#N/A
DCP,#N/A
PNM,FALSE
PFSI,TRUE
VIS,FALSE
CVET,#N/A
SIGI,FALSE
BIGC,#N/A
SSRM,TRUE
NVT,#N/A
MGP,FALSE
TRUP,#N/A
SEM,FALSE
AVNT,FALSE
WDFC,FALSE
SLGN,FALSE
ADV,#N/A
HFC,#N/A
PK,#N/A
NARI,FALSE
CRON,#N/A
IYR,FALSE
VMI,FALSE
EYE,FALSE
HAIN,FALSE
IMAB,#N/A
HXL,FALSE
SWAV,#N/A
RDN,FALSE
APAM,FALSE
WYND,#N/A
UNF,FALSE
CDLX,#N/A
AMKR,FALSE
SPSC,FALSE
VLDR,#N/A
AJRD,FALSE
NRZ,#N/A
DIOD,FALSE
GTES,FALSE
EQT,#N/A
IFS,FALSE
FCN,FALSE
GWPH,#N/A
SWCH,FALSE
SABR,#N/A
SABRP,#N/A
CDNA,#N/A
AVIR,#N/A
IIPR,FALSE
JBT,FALSE
NFG,#N/A
SAFE,FALSE
MTSI,#N/A
SNDR,FALSE
RXT,#N/A
SPLG,FALSE
ONEY,#N/A
TIGO,#N/A
HIW,TRUE
JAMF,#N/A
STL,FALSE
ALLO,#N/A
LEGN,#N/A
VC,#N/A
STAA,FALSE
USO,#N/A
KRNT,#N/A
NGHCP,TRUE
NGHCN,#N/A
NGHCO,#N/A
NGHCZ,#N/A
HR,TRUE
CRNC,#N/A
BXMT,FALSE
CIT,#N/A
OGS,TRUE
FIZZ,TRUE
AM,#N/A
TRNO,FALSE
STMP,FALSE
SVMK,#N/A
PGNY,FALSE
ARVN,#N/A
UPST,FALSE
IGT,#N/A
M,#N/A
QTS,#N/A
ENS,FALSE
HCM,#N/A
MANT,FALSE
SHAK,#N/A
BAND,#N/A
STN,FALSE
EGHT,#N/A
WWE,FALSE
SLQT,#N/A
AVT,#N/A
SEER,#N/A
MTLS,#N/A
POR,FALSE
HE,TRUE
AWI,#N/A
RHP,#N/A
WTFC,FALSE
WTFCM,#N/A
WTFCP,#N/A
BSMX,FALSE
BKH,TRUE
GRA,FALSE
ONEQ,FALSE
PSN,FALSE
AEO,#N/A
AG,#N/A
UMPQ,#N/A
CARG,FALSE
RLAY,#N/A
SEB,FALSE
PD,#N/A
GO,FALSE
MUSA,TRUE
RIDE,#N/A
AAON,FALSE
R,#N/A
RMG,FALSE
PSB,FALSE
SYNA,FALSE
ADC,FALSE
IJS,FALSE
BKU,FALSE
TTEC,FALSE
HPP,FALSE
CBU,FALSE
UMBF,FALSE
ADS,FALSE
CHX,#N/A
SBRA,FALSE
VIAV,FALSE
VIR,#N/A
NVG,#N/A
DOC,FALSE
WNS,FALSE
AQUA,FALSE
PACW,#N/A
MIC,#N/A
CRSR,FALSE
GKOS,#N/A
AMBA,#N/A
BCO,#N/A
IJJ,FALSE
DOYU,TRUE
LCII,FALSE
FGEN,#N/A
SPB,FALSE
ADNT,#N/A
MEOH,#N/A
CIGI,FALSE
CMD,FALSE
TREE,#N/A
UFPI,FALSE
STEP,FALSE
FORM,FALSE
BHF,#N/A
BHFAL,#N/A
BHFAO,#N/A
BHFAP,#N/A
TRMD,#N/A
FNB,FALSE
NKTR,#N/A
RCKT,#N/A
TRTN,FALSE
APHA,#N/A
UNVR,FALSE
KYMR,#N/A
ROG,FALSE
INSM,#N/A
CNS,FALSE
HOMB,FALSE
PCH,FALSE
FOCS,FALSE
NJR,FALSE
ALXO,#N/A
TGNA,FALSE
KEX,#N/A
REZI,#N/A
AHCO,#N/A
BMEZ,#N/A
FELE,FALSE
ACIA,FALSE
AB,FALSE
ALE,FALSE
AMN,FALSE
MIME,FALSE
CSIQ,FALSE
ABCM,#N/A
SWX,TRUE
REGI,FALSE
KMT,#N/A
EQC,FALSE
EQX,#N/A
CPA,#N/A
WTM,FALSE
MOR,#N/A
HWC,#N/A
HWCPZ,#N/A
DAO,#N/A
MC,FALSE
BOH,FALSE
VG,#N/A
SXT,FALSE
ETRN,#N/A
FHB,FALSE
PSM,FALSE
KTOS,FALSE
TCBI,FALSE
TCBIL,#N/A
TCBIP,#N/A
NSP,FALSE
INOV,FALSE
ALKS,#N/A
SWTX,#N/A
HMSY,FALSE
CBRL,FALSE
CNMD,FALSE
HL,#N/A
ARNC,FALSE
BLUE,#N/A
NG,#N/A
NAD,TRUE
SOGO,#N/A
SR,FALSE
TRN,FALSE
DCPH,#N/A
LIVN,#N/A
HI,#N/A
EWC,FALSE
AIT,FALSE
GDOT,FALSE
PPBI,FALSE
CWK,#N/A
IBP,FALSE
TWOU,#N/A
AGIO,#N/A
MMSI,#N/A
LTHM,#N/A
CNO,FALSE
DAN,FALSE
ENR,FALSE
PCI,#N/A
OPCH,#N/A
BXS,FALSE
ABG,FALSE
TMHC,TRUE
GOLF,#N/A
EAF,FALSE
NGVT,FALSE
PDCO,#N/A
PS,#N/A
BVN,#N/A
DNP,#N/A
FN,FALSE
EBC,FALSE
BLKB,FALSE
DORM,FALSE
WKHS,#N/A
PZZA,FALSE
ALGT,#N/A
GMTA,#N/A
GATX,FALSE
BMI,FALSE
PSMT,FALSE
PCRX,FALSE
APG,#N/A
TARO,#N/A
SHOO,#N/A
SIX,#N/A
JMIA,#N/A
LAUR,#N/A
GBT,#N/A
MTH,TRUE
FHI,FALSE
CWST,FALSE
VCYT,#N/A
JKS,FALSE
NOAH,FALSE
MDC,TRUE
ROCK,FALSE
KBH,TRUE
AWR,FALSE
VSH,FALSE
VEON,#N/A
SBE,#N/A
NHI,FALSE
FRHC,FALSE
ABCB,FALSE
RRR,#N/A
MMYT,#N/A
TSEM,FALSE
EXLS,FALSE
AGO,FALSE
BOX,#N/A
OPK,#N/A
MOMO,FALSE
WOR,FALSE
BIPC,TRUE
ASB,FALSE
ACA,FALSE
AMRC,FALSE
JJSF,FALSE
FSKR,#N/A
DDD,#N/A
WERN,FALSE
HRB,FALSE
TRQ,FALSE
BECN,#N/A
ONB,FALSE
NSTG,#N/A
PRLD,#N/A
AXSM,#N/A
MCY,FALSE
SAFM,#N/A
CCU,FALSE
NUVA,#N/A
CVBF,FALSE
NWE,TRUE
SCL,FALSE
KRTX,#N/A
COLB,FALSE
NUS,FALSE
EVTC,FALSE
ESE,FALSE
ISBC,FALSE
PTVE,TRUE
FUL,FALSE
APLE,#N/A
SMPL,FALSE
IBTX,FALSE
OUT,#N/A
XNCR,#N/A
SUMO,#N/A
LXP,FALSE
BSTZ,FALSE
NSIT,FALSE
AUB,FALSE
AUBAP,#N/A
BRC,FALSE
VOX,FALSE
MGNI,#N/A
CCOI,FALSE
ALVR,#N/A
PJT,FALSE
OFC,FALSE
CSOD,#N/A
WRI,FALSE
HMY,#N/A
CATY,FALSE
CWT,FALSE
RCM,FALSE
COMM,#N/A
WD,FALSE
EAT,FALSE
SFNC,FALSE
MXL,#N/A
BFT,FALSE
AVA,FALSE
NNI,FALSE
SONO,#N/A
UNIT,#N/A
GHC,FALSE
HGV,FALSE
MANU,#N/A
SUM,FALSE
ACCD,#N/A
AEL,FALSE
HP,#N/A
MOG.B,FALSE
MOG.A,FALSE
BNL,FALSE
CBT,#N/A
ITGR,FALSE
ABM,FALSE
CNX,#N/A
DY,FALSE
ATCO,FALSE
CMC,FALSE
EXG,#N/A
SPT,#N/A
IGMS,#N/A
USM,FALSE
UZA,#N/A
UZB,#N/A
UZC,#N/A
UZD,#N/A
CVLT,#N/A
JW.A,#N/A
JW.B,#N/A
OR,#N/A
B,FALSE
UCBIO,#N/A
GPI,FALSE
RVMD,#N/A
GT,#N/A
FIBK,FALSE
JELD,FALSE
HYLN,#N/A
BRP,#N/A
LILAK,#N/A
MATX,FALSE
NIU,FALSE
IGM,FALSE
ITCI,#N/A
WWW,FALSE
PVG,FALSE
TEX,#N/A
URBN,#N/A
ZYME,#N/A
VOC,#N/A
TDC,FALSE
CAR,#N/A
KAR,FALSE
CCIV,#N/A
IOO,FALSE
SLYV,FALSE
BNR,#N/A
ANAT,FALSE
LAC,#N/A
FCFS,TRUE
PRMW,TRUE
KW,FALSE
NSA,FALSE
SEAS,#N/A
IYH,FALSE
HTH,FALSE
ATRC,#N/A
JOE,FALSE
SPXC,FALSE
IBOC,FALSE
INDB,FALSE
KURA,#N/A
SSTK,FALSE
ONTO,FALSE
YIN,#N/A
SINA,#N/A
PHR,#N/A
PLMR,FALSE
MAG,#N/A
FLOW,FALSE
MCRB,#N/A
KOF,FALSE
ADCT,#N/A
UTF,#N/A
EPR,#N/A
PEB,#N/A
YQ,#N/A
KFY,FALSE
GEF,FALSE
GEF.B,FALSE
ELY,#N/A
VAW,FALSE
GRWG,FALSE
MGEE,FALSE
EPP,FALSE
BEAT,FALSE
NNOX,#N/A
FLR,#N/A
SLYG,FALSE
PLXS,FALSE
MED,FALSE
EWG,FALSE
LGF.A,#N/A
LGF.B,#N/A
SNBR,FALSE
LGIH,TRUE
MGLN,FALSE
CWH,FALSE
MSGE,FALSE
EPAY,#N/A
AX,FALSE
AXO,#N/A
PING,#N/A
IJK,FALSE
CADE,#N/A
SHO,#N/A
AKO.B,FALSE
AKO.A,#N/A
CSQ,#N/A
DOOR,FALSE
MDRX,#N/A
YELP,#N/A
IOSP,FALSE
SBGI,#N/A
SGMO,#N/A
CLNY,#N/A
GBDC,FALSE
SUN,FALSE
SAVE,#N/A
RVLV,FALSE
CMPR,FALSE
PDCE,#N/A
HBM,TRUE
MAXR,FALSE
ATI,#N/A
EVOP,#N/A
IXJ,FALSE
CIM,#N/A
IRBT,FALSE
SPEU,FALSE
FEZ,#N/A
FUN,#N/A
ENBL,#N/A
RUSHA,FALSE
RUSHB,FALSE
AIN,FALSE
EWU,FALSE
CDE,#N/A
MAX,FALSE
WSFS,FALSE
VSAT,#N/A
HCSG,FALSE
ACB,#N/A
OMAB,FALSE
SFBS,FALSE
MTX,FALSE
AZRE,#N/A
TAC,#N/A
RCII,FALSE
TPIC,#N/A
WHD,FALSE
EGO,TRUE
AVNS,FALSE
BBBY,#N/A
OSTK,FALSE
ITA,FALSE
SFM,TRUE
VNE,#N/A
RLJ,#N/A
AMRN,#N/A
XPER,#N/A
NZF,#N/A
SANM,FALSE
THRM,FALSE
THS,#N/A
NUV,TRUE
PRAX,#N/A
SHEN,FALSE
CYRX,#N/A
FULT,FALSE
FULTP,#N/A
OMI,#N/A
VDE,FALSE
AVAV,FALSE
FBC,FALSE
AGZD,#N/A
CEW,#N/A
CXSE,#N/A
CYB,#N/A
DEM,#N/A
DES,#N/A
DEW,#N/A
DFE,#N/A
DFJ,#N/A
DGRE,#N/A
DGRS,#N/A
DGRW,#N/A
DGS,#N/A
DHS,#N/A
DIM,#N/A
DLN,#N/A
DLS,#N/A
DNL,#N/A
DOL,#N/A
DOO,#N/A
DRW,#N/A
DTD,#N/A
DTH,#N/A
DTN,#N/A
DWM,#N/A
DXGE,#N/A
DXJ,#N/A
DXJS,#N/A
EES,#N/A
ELD,#N/A
EMCB,#N/A
EPS,#N/A
EUDG,#N/A
EZM,#N/A
HEDJ,#N/A
HYZD,#N/A
IHDG,#N/A
QSY,#N/A
RESP,#N/A
USDU,#N/A
WTMF,#N/A
IBA,FALSE
STRA,TRUE
ORPH,#N/A
JACK,FALSE
SPMD,FALSE
PRPL,#N/A
LUNG,#N/A
EPRT,FALSE
RPAY,#N/A
SATS,#N/A
STOK,#N/A
FBP,FALSE
MLI,FALSE
STLC,#N/A
ATKR,FALSE
GB,#N/A
FRME,FALSE
YALA,#N/A
FWRD,FALSE
SJI,FALSE
REAL,#N/A
CMP,FALSE
RWR,FALSE
MUR,#N/A
TPH,TRUE
WAFD,FALSE
MDYG,FALSE
TCP,FALSE
MYOV,#N/A
KLIC,FALSE
NAC,TRUE
VIE,#N/A
AUPH,#N/A
FSK,#N/A
CTRE,FALSE
NVMI,FALSE
PBB,#N/A
PBC,#N/A
PBY,#N/A
PSEC,FALSE
RMBS,#N/A
PRGS,FALSE
WSBC,FALSE
WSBCP,#N/A
HYFM,#N/A
PRO,#N/A
SWN,#N/A
MGY,#N/A
NTCT,FALSE
PMVP,#N/A
CENT,FALSE
CENTA,FALSE
MAIN,#N/A
TROX,FALSE
FSS,FALSE
HRMY,#N/A
VRRM,FALSE
YEXT,#N/A
TSE,#N/A
OM,#N/A
YMAB,#N/A
TDS,FALSE
TDA,#N/A
TDE,#N/A
TDI,#N/A
TDJ,#N/A
ARCE,FALSE
FIX,FALSE
INT,FALSE
PQG,FALSE
WGO,FALSE
CTB,FALSE
CNK,#N/A
AXNX,#N/A
SKYW,FALSE
IDCC,FALSE
SILK,#N/A
SCPL,FALSE
NGM,#N/A
NMIH,FALSE
MIK,FALSE
SITM,#N/A
MTOR,FALSE
BANF,FALSE
CRC,#N/A
MWA,FALSE
MLHR,#N/A
NAVI,FALSE
JSM,#N/A
RNST,FALSE
FCPT,TRUE
CLNE,FALSE
GDV,#N/A
FSM,TRUE
ZNTL,#N/A
CUB,#N/A
RCUS,#N/A
HUBG,FALSE
CERE,#N/A
LZB,FALSE
MDYV,FALSE
HRI,FALSE
AMRS,#N/A
MD,#N/A
SITC,FALSE
SJW,FALSE
CSTM,#N/A
OI,FALSE
WBT,#N/A
TRIL,FALSE
VGR,FALSE
GSBD,FALSE
CSTL,#N/A
TR,FALSE
CALX,FALSE
REPL,#N/A
ENLC,#N/A
SRNE,#N/A
SIG,#N/A
RVNC,#N/A
BDC,#N/A
BDN,TRUE
PDM,FALSE
ODP,#N/A
FMBI,FALSE
FMBIO,#N/A
FMBIP,#N/A
COKE,FALSE
LOB,FALSE
FFBC,FALSE
IPAR,FALSE
RRC,#N/A
CRVL,FALSE
PGRE,#N/A
BCC,FALSE
TWNK,FALSE
ADUS,FALSE
PTY,#N/A
ACMR,FALSE
CSWI,FALSE
UCI,#N/A
EWA,FALSE
EAR,#N/A
QFIN,FALSE
HCAT,#N/A
FIT,#N/A
IRWD,FALSE
SVC,#N/A
ADX,FALSE
EPC,FALSE
TRMK,FALSE
RPAI,FALSE
JPS,#N/A
RWX,FALSE
RLGY,#N/A
ETY,#N/A
FTAI,TRUE
MAC,#N/A
IEV,#N/A
ASO,#N/A
TTGT,FALSE
MNRO,FALSE
GCP,FALSE
CSII,#N/A
DOMO,#N/A
PBH,FALSE
CALM,FALSE
HLIO,FALSE
PIPR,FALSE
CFFN,FALSE
FUBO,#N/A
YPF,#N/A
EVA,FALSE
NGD,#N/A
AVYA,#N/A
CPG,#N/A
EGOV,FALSE
PAGP,#N/A
TUP,FALSE
CATM,FALSE
CVA,#N/A
TOWN,FALSE
QURE,#N/A
MYGN,#N/A
MTDR,#N/A
EHTH,FALSE
UFS,#N/A
XHR,#N/A
CLBK,FALSE
SAH,#N/A
BTT,TRUE
RIOT,#N/A
PNTG,FALSE
CPK,TRUE
DEA,FALSE
SBCF,FALSE
NKTX,#N/A
INMD,FALSE
MDGL,#N/A
EWH,#N/A
ATGE,#N/A
HRTX,#N/A
VRTS,FALSE
SKY,FALSE
KRON,#N/A
INFN,#N/A
BGS,TRUE
HMN,FALSE
SILV,#N/A
PRK,FALSE
BANR,FALSE
NWBI,FALSE
IYW,FALSE
MGRC,FALSE
TWO,#N/A
PDI,#N/A
EVT,#N/A
COHU,#N/A
RGNX,#N/A
FLWS,FALSE
ABR,FALSE
OTTR,FALSE
EB,#N/A
DRNA,#N/A
AMK,#N/A
ITCB,#N/A
FBK,FALSE
WRE,TRUE
KN,#N/A
ROAD,FALSE
CAKE,#N/A
NTB,FALSE
KBE,FALSE
PGEN,#N/A
JKE,FALSE
MFA,#N/A
PMT,FALSE
ALG,FALSE
OSIS,FALSE
RVT,#N/A
ZUO,#N/A
RIG,#N/A
DRH,#N/A
LGND,#N/A
SAND,#N/A
KAI,FALSE
AAT,FALSE
HTGC,FALSE
HCXY,#N/A
HCXZ,#N/A
STTK,#N/A
DSL,#N/A
KALU,FALSE
ATRA,#N/A
GTN,TRUE
GTN.A,#N/A
UTG,#N/A
HLG,TRUE
ATSG,#N/A
USNA,FALSE
OCUL,#N/A
SPNS,FALSE
GPOR,#N/A
AMWD,FALSE
FMTX,#N/A
NPO,FALSE
SIMO,TRUE
BMA,FALSE
JRVR,FALSE
NS,#N/A
CVCO,FALSE
IAG,#N/A
SYKE,FALSE
GGAL,TRUE
SMCI,FALSE
BIG,FALSE
SASR,FALSE
USPH,FALSE
SLP,FALSE
VCEL,FALSE
BV,#N/A
ROIC,FALSE
RQI,#N/A
WW,FALSE
WABC,FALSE
CVI,#N/A
HPK,#N/A
FTOC,#N/A
SA,#N/A
BDJ,#N/A
ENDP,#N/A
PRAA,TRUE
VSTO,#N/A
CMPS,#N/A
BKE,FALSE
MNR,#N/A
CTY,#N/A
HKIB,FALSE
PATK,TRUE
XOP,FALSE
KEN,FALSE
AMCX,FALSE
UE,FALSE
SLY,FALSE
HTLF,FALSE
HTLFP,#N/A
BSM,FALSE
PRFT,FALSE
TBIO,#N/A
TY,#N/A
LND,#N/A
AR,#N/A
VCTR,TRUE
KNTE,#N/A
GAB,#N/A
CRS,#N/A
BSIG,FALSE
KAMN,FALSE
ARI,FALSE
ESRT,#N/A
GVA,#N/A
GNW,#N/A
NNDM,#N/A
ARGO,#N/A
RPTX,#N/A
WDR,TRUE
LNN,FALSE
NRIX,#N/A
EURN,FALSE
INO,#N/A
PAYA,#N/A
CXP,#N/A
VRTU,FALSE
SSYS,#N/A
NK,#N/A
MEI,FALSE
TTCF,#N/A
GLUU,FALSE
SRRK,#N/A
QTRX,#N/A
LTC,FALSE
FLGT,FALSE
OFLX,FALSE
BUR,#N/A
SGRY,#N/A
HTLD,FALSE
SCS,FALSE
HEP,FALSE
CYTK,#N/A
XPEL,FALSE
TIGR,FALSE
TTMI,FALSE
PFS,FALSE
TLRY,#N/A
ITB,FALSE
LKFN,FALSE
ICFI,FALSE
BBN,TRUE
SBH,FALSE
CSGS,FALSE
ILF,#N/A
MMI,FALSE
GES,#N/A
CDXS,#N/A
RYTM,#N/A
PLAY,#N/A
USA,#N/A
HSC,FALSE
INSG,#N/A
GNL,FALSE
NBTB,FALSE
DKL,FALSE
MLAB,#N/A
TEO,FALSE
GRVY,FALSE
MRTN,FALSE
HNI,FALSE
WPF,#N/A
CBZ,FALSE
PRIM,FALSE
HOPE,FALSE
ASTE,FALSE
UCTT,FALSE
RTLR,FALSE
CCCC,#N/A
TBK,FALSE
TBKCP,#N/A
EVH,#N/A
EVV,#N/A
ILPT,TRUE
HSKA,#N/A
TWCT,#N/A
GTH,#N/A
SYX,FALSE
HHR,FALSE
BALY,#N/A
BGCP,FALSE
SUPN,FALSE
AMRX,TRUE
EPAC,FALSE
KROS,#N/A
AROC,#N/A
MFGP,#N/A
SBTX,#N/A
IYG,FALSE
SG,#N/A
CEQP,#N/A
GMS,FALSE
EGBN,FALSE
TSLX,FALSE
VCRA,#N/A
TRS,#N/A
NYMT,#N/A
NYMTM,#N/A
NYMTN,#N/A
NYMTO,#N/A
NYMTP,#N/A
FPF,#N/A
BOOT,FALSE
CNR,#N/A
NXE,#N/A
UPLD,#N/A
DEN,#N/A
LBRT,#N/A
AAWW,#N/A
ETV,FALSE
PSNL,#N/A
CCS,TRUE
DBC,#N/A
PHO,#N/A
MARA,#N/A
BTZ,FALSE
ETG,#N/A
MASS,#N/A
LASR,#N/A
SI,FALSE
ALX,TRUE
EWL,FALSE
CLB,#N/A
MTRN,FALSE
FARO,#N/A
STC,FALSE
VBTX,FALSE
HYT,#N/A
SVM,TRUE
BCRX,#N/A
AAN,#N/A
IMGN,#N/A
USAC,#N/A
HURN,#N/A
GHG,TRUE
JWS,#N/A
EH,#N/A
CODI,#N/A
ANF,#N/A
NWN,TRUE
PAR,#N/A
AIR,#N/A
EIGI,FALSE
BLFS,#N/A
BRMK,TRUE
CNXN,FALSE
NXGN,FALSE
TNC,FALSE
BXMX,#N/A
PGTI,FALSE
TLND,#N/A
UIS,FALSE
MBUU,FALSE
CHRS,FALSE
QADA,FALSE
QADB,FALSE
DLX,FALSE
FFG,FALSE
VLRS,#N/A
KRYS,#N/A
INVA,FALSE
FRO,FALSE
GIII,FALSE
RAVN,FALSE
GBIO,#N/A
FORTY,FALSE
MODN,#N/A
SWM,FALSE
KPTI,#N/A
NMRK,FALSE
FOE,#N/A
NFJ,#N/A
KNSA,#N/A
RDWR,FALSE
CASH,FALSE
AZZ,FALSE
HIMX,FALSE
INBX,#N/A
BST,FALSE
PLT,#N/A
UTZ,FALSE
BTAI,#N/A
UVV,FALSE
GWB,#N/A
MRSN,#N/A
WMK,TRUE
FDEV,FALSE
DDS,#N/A
MHO,FALSE
GFF,FALSE
MSEX,FALSE
IRT,FALSE
WIRE,FALSE
BPMP,FALSE
AKR,FALSE
PLUS,FALSE
NFH,#N/A
PUBM,#N/A
LX,FALSE
CLLS,#N/A
BUSE,FALSE
FRG,#N/A
FRGAP,#N/A
EPZM,#N/A
PASG,#N/A
GPRO,#N/A
RGR,FALSE
HOME,#N/A
SY,FALSE
CVGW,#N/A
DK,#N/A
EWQ,FALSE
GME,#N/A
DYN,#N/A
PACK,#N/A
CERS,#N/A
ARQT,#N/A
BDTX,#N/A
BCAB,#N/A
NTGR,FALSE
STPK,#N/A
ALEC,#N/A
ATRI,FALSE
GLNG,#N/A
FREQ,#N/A
STAR,#N/A
FRTA,FALSE
ECOL,#N/A
ZGNX,#N/A
ARCB,FALSE
ALEX,FALSE
ALGS,#N/A
MSC,#N/A
EBIX,FALSE
RMR,FALSE
FDP,FALSE
BTBT,#N/A
MAXN,#N/A
LMNX,FALSE
LADR,FALSE
VERI,#N/A
SAFT,FALSE
SNEX,FALSE
OCFC,FALSE
OCFCP,#N/A
PBI,#N/A
BWMX,#N/A
ELF,FALSE
GNMK,#N/A
NEXA,#N/A
SOL,#N/A
SOLN,#N/A
CENX,#N/A
CTS,FALSE
JOUT,FALSE
STRO,#N/A
BROG,#N/A
THCB,#N/A
AMTI,#N/A
DRQ,#N/A
NRK,FALSE
FDMT,#N/A
DGNR,#N/A
TCBK,FALSE
HCC,FALSE
GBX,FALSE
RWL,FALSE
CRTO,TRUE
RILY,FALSE
RILYG,#N/A
RILYI,#N/A
RILYL,#N/A
RILYM,#N/A
RILYN,#N/A
RILYO,#N/A
RILYP,#N/A
PTEN,#N/A
ADVM,#N/A
AMEH,FALSE
ITOS,#N/A
OXM,#N/A
EFSC,FALSE
NVEE,FALSE
GTY,TRUE
MGNX,#N/A
AFYA,FALSE
AMSF,FALSE
NMZ,#N/A
OPI,FALSE
OPINI,#N/A
OPINL,#N/A
HEES,FALSE
NRC,FALSE
NMFC,#N/A
NMFCL,#N/A
FCF,FALSE
CRK,#N/A
KOS,#N/A
CHCO,FALSE
TMP,FALSE
QNST,FALSE
CEVA,#N/A
VSTA,#N/A
GRBK,FALSE
TBPH,#N/A
OEC,FALSE
MTSC,#N/A
PRPB,#N/A
STKL,#N/A
BAC,FALSE
NHC,FALSE
MCRI,FALSE
BIF,#N/A
CLNC,#N/A
ORIC,#N/A
CHAD,#N/A
CHAU,#N/A
CURE,#N/A
DRN,#N/A
EDC,#N/A
EDZ,#N/A
ERY,#N/A
EURL,#N/A
FAS,#N/A
INDL,#N/A
KORU,#N/A
LABU,#N/A
MIDU,#N/A
NAIL,#N/A
PILL,#N/A
QQQE,#N/A
RUSL,#N/A
SOXL,#N/A
SPXL,#N/A
TECL,#N/A
TMF,#N/A
TNA,#N/A
TYD,#N/A
TYO,#N/A
YANG,#N/A
YINN,#N/A
HY,FALSE
CLI,#N/A
CGEN,#N/A
CANG,TRUE
PHAT,#N/A
IHF,FALSE
FAX,#N/A
EVRI,#N/A
SNDX,#N/A
SSP,FALSE
AVO,FALSE
TRHC,#N/A
ATNX,#N/A
NBHC,FALSE
CHCT,FALSE
OTRK,#N/A
OTRKP,#N/A
TGP,FALSE
ICF,FALSE
CRHC,#N/A
OPRA,TRUE
SRCE,FALSE
SKT,#N/A
TCRR,#N/A
SWBI,FALSE
CLS,FALSE
SBSI,FALSE
DIN,#N/A
IMAX,#N/A
STBA,FALSE
TRIT,FALSE
VITL,FALSE
CCF,FALSE
NBLX,FALSE
EOS,FALSE
GSAH,#N/A
SBLK,FALSE
CMRE,#N/A
CHY,FALSE
SGTX,#N/A
VET,#N/A
MDXG,#N/A
ACLS,FALSE
PRA,#N/A
BHE,#N/A
RNA,#N/A
EVER,#N/A
IH,FALSE
SHYF,#N/A
ECPG,TRUE
GEO,TRUE
VFF,#N/A
ARCO,#N/A
AXL,#N/A
ATEC,#N/A
JKD,FALSE
RDNT,#N/A
MYRG,FALSE
XHB,FALSE
ETW,#N/A
GHLD,FALSE
RNP,#N/A
FBNC,FALSE
CNDT,#N/A
OII,#N/A
GRPN,#N/A
SXI,FALSE
SCHN,FALSE
TSHA,#N/A
QQQX,FALSE
ICPT,#N/A
PETQ,#N/A
FOR,FALSE
INGN,#N/A
ZUMZ,FALSE
BRKL,FALSE
NXRT,FALSE
MESO,#N/A
HQH,FALSE
RTP,FALSE
DHC,#N/A
DHCNI,#N/A
DHCNL,#N/A
RDUS,#N/A
AWF,#N/A
CMCO,FALSE
AKRO,#N/A
RBBN,#N/A
MDP,#N/A
TCMD,#N/A
IESC,FALSE
BPFH,FALSE
PRVB,#N/A
WLL,#N/A
PLOW,#N/A
KREF,FALSE
MMX,FALSE
BJRI,#N/A
LNTH,FALSE
PI,#N/A
BRBR,FALSE
OFG,FALSE
DRD,TRUE
OMER,#N/A
CAMT,FALSE
TVTY,#N/A
WPRT,#N/A
FFC,#N/A
BHLB,#N/A
SVAC,#N/A
RWT,#N/A
MEG,#N/A
DHT,FALSE
CAN,#N/A
CHI,#N/A
IIIV,#N/A
MATW,#N/A
VECO,#N/A
ORGO,#N/A
TGH,FALSE
ICHR,FALSE
PLRX,FALSE
KRNY,FALSE
CRY,#N/A
MVC,#N/A
KFRC,FALSE
ACEL,#N/A
EIG,FALSE
EIM,TRUE
MYI,TRUE
SM,#N/A
NP,#N/A
CYH,#N/A
AUDC,FALSE
CHEF,#N/A
WNC,#N/A
OSPN,FALSE
ADAP,#N/A
SYBT,FALSE
MORF,#N/A
AACQ,#N/A
TEN,#N/A
RESI,#N/A
AOD,#N/A
JPC,#N/A
EWP,FALSE
TPRE,FALSE
GSKY,FALSE
WOW,FALSE
SMP,FALSE
AIO,FALSE
SII,FALSE
SGH,FALSE
AMPH,FALSE
JBSS,FALSE
IMOS,FALSE
GAM,#N/A
VIVO,FALSE
ITMR,#N/A
IHRT,#N/A
CLSK,#N/A
UNFI,TRUE
AGT,#N/A
VNOM,#N/A
FFWM,FALSE
GLDD,FALSE
EXTR,#N/A
DENN,FALSE
AGYS,#N/A
KMDA,FALSE
GSAT,#N/A
RAD,#N/A
NGA,#N/A
PTNR,FALSE
SPH,FALSE
PFC,FALSE
NESR,FALSE
GABC,FALSE
APOG,FALSE
LL,FALSE
ENTA,#N/A
SCU,#N/A
SIBN,#N/A
LGVW,#N/A
INN,#N/A
TARS,#N/A
PAM,TRUE
QUOT,#N/A
AFIB,#N/A
CCX,#N/A
JKG,FALSE
ENVA,FALSE
HOLI,FALSE
EBON,#N/A
HA,#N/A
UHT,FALSE
HNGR,FALSE
CRTX,#N/A
CLM,#N/A
KIE,FALSE
SCHL,#N/A
PML,#N/A
CIIC,FALSE
HGEN,#N/A
ESTA,#N/A
HFWA,FALSE
DNOW,#N/A
MBIN,FALSE
MBINO,#N/A
MBINP,#N/A
AHH,FALSE
LC,#N/A
KXI,FALSE
HIBB,FALSE
GRC,FALSE
PRTY,#N/A
TBBK,FALSE
ATHA,#N/A
GOF,#N/A
IYF,FALSE
GOGO,#N/A
DLY,#N/A
COWNZ,#N/A
COWN,FALSE
TPB,FALSE
LMAT,FALSE
FINV,FALSE
PRDO,FALSE
DBD,#N/A
JQC,#N/A
ESPR,#N/A
TPC,#N/A
MVIN,#N/A
MVIS,#N/A
VMO,FALSE
GSG,#N/A
AGRO,#N/A
BHK,TRUE
CET,#N/A
BANC,#N/A
OSUR,#N/A
WRLD,FALSE
ANNX,#N/A
PAE,FALSE
PLC,FALSE
THQ,FALSE
ERII,FALSE
CKH,FALSE
PAHC,FALSE
USCR,FALSE
OFIX,FALSE
DESP,#N/A
FRSX,#N/A
WNW,#N/A
SRI,#N/A
NEX,#N/A
AFIN,#N/A
AFINP,#N/A
AGM,FALSE
NX,FALSE
WETF,#N/A
KIDS,#N/A
FORR,FALSE
FBM,FALSE
PUMP,#N/A
GEL,#N/A
CRIS,#N/A
ANDE,#N/A
MGPI,FALSE
CNOB,FALSE
KELYA,#N/A
KELYB,#N/A
EMD,#N/A
HMI,FALSE
OAC,#N/A
KYN,#N/A
EBSB,FALSE
VTOL,#N/A
HZO,FALSE
SFL,#N/A
ACCO,FALSE
EWW,FALSE
WASH,FALSE
AC,#N/A
GATO,#N/A
PHK,#N/A
AMSC,#N/A
NTUS,#N/A
TDF,#N/A
TRTX,#N/A
CARS,#N/A
STFC,#N/A
ICLK,#N/A
ONCR,#N/A
GOSS,#N/A
CXW,TRUE
BKD,FALSE
BCSF,#N/A
PDFS,#N/A
LIND,#N/A
CARA,#N/A
HMST,FALSE
CDMO,#N/A
CDMOP,#N/A
PRVL,#N/A
GLT,#N/A
CRMT,FALSE
MNKD,#N/A
STNG,FALSE
SBBA,#N/A
PBF,#N/A
ERF,#N/A
PTGX,#N/A
OCSL,FALSE
IGR,#N/A
NIE,FALSE
RES,#N/A
TWND,#N/A
NWLI,FALSE
AXGN,#N/A
CII,#N/A
PLCE,#N/A
MGIC,FALSE
HSTM,FALSE
MSGN,TRUE
ETAC,#N/A
GPRK,#N/A
GOGL,#N/A
CBB,#N/A
ATEN,FALSE
VAPO,#N/A
IYY,FALSE
MYE,FALSE
ALTM,#N/A
FPRX,#N/A
RBAC,#N/A
WLKP,TRUE
PHAR,#N/A
EXK,#N/A
GAN,#N/A
RUBY,#N/A
BCOR,#N/A
JKH,FALSE
KNL,FALSE
ATNI,#N/A
TCX,FALSE
SPWH,TRUE
RADI,FALSE
XSD,FALSE
AINV,#N/A
BEST,#N/A
PFBC,FALSE
CIR,#N/A
HLIT,#N/A
LEAP,#N/A
BFS,FALSE
TALO,#N/A
UEIC,FALSE
VBIV,#N/A
PLYA,#N/A
VNDA,FALSE
ADTN,#N/A
IDEX,#N/A
SLRC,#N/A
PLAB,FALSE
WIW,#N/A
ABST,#N/A
COLL,FALSE
ODT,#N/A
AMBC,#N/A
PARR,#N/A
GIM,#N/A
GP,#N/A
CFII,#N/A
ECHO,FALSE
LDP,#N/A
ABTX,FALSE
MERC,#N/A
HEXO,#N/A
HTD,#N/A
NKX,#N/A
XENT,#N/A
BOOM,#N/A
GOAC,#N/A
PFN,#N/A
HFRO,#N/A
LPG,FALSE
LE,FALSE
IMTX,#N/A
IIM,TRUE
SUSA,FALSE
UFCS,#N/A
DMRC,#N/A
BOMN,#N/A
AVID,FALSE
BCOV,#N/A
FANH,#N/A
MITK,FALSE
BCX,#N/A
AGX,FALSE
XNTK,FALSE
VREX,#N/A
BNGO,#N/A
VVI,#N/A
HLX,FALSE
ARCH,#N/A
VXRT,#N/A
ALBO,#N/A
ARR,#N/A
SCSC,#N/A
BOE,#N/A
CPAC,FALSE
CCO,#N/A
RBCAA,FALSE
HBNC,FALSE
MGTX,#N/A
VGM,FALSE
OBNK,FALSE
AOSL,FALSE
FHTX,#N/A
RMAX,FALSE
FI,#N/A
MNRL,#N/A
CYD,FALSE
HZAC,#N/A
NCBS,FALSE
USLM,FALSE
ANGO,#N/A
VKQ,FALSE
CEL,#N/A
CCD,FALSE
GSBC,FALSE
LOCO,FALSE
GRSV,#N/A
TGS,FALSE
RPT,FALSE
KOP,FALSE
CTBI,FALSE
BEDU,FALSE
LOVE,#N/A
RPLA,#N/A
TBI,#N/A
LBAI,FALSE
CLDX,#N/A
WINA,TRUE
ANAB,#N/A
NFBK,FALSE
SQZ,#N/A
WTRE,#N/A
WTREP,#N/A
PCN,#N/A
KDNY,#N/A
PETS,FALSE
TGI,#N/A
MOD,#N/A
IYK,FALSE
CLCT,FALSE
CMBM,FALSE
TIG,FALSE
SP,#N/A
OPT,#N/A
CUBB,#N/A
CUBI,FALSE
FBMS,FALSE
SMTS,FALSE
UUUU,#N/A
BFK,FALSE
IQI,TRUE
DMS,#N/A
QEP,FALSE
VTA,#N/A
KDMN,#N/A
TRST,FALSE
DMTK,#N/A
ZIOP,#N/A
GHIV,#N/A
LOMA,TRUE
PRTS,#N/A
GOOD,#N/A
GOODM,#N/A
GOODN,#N/A
TCPC,FALSE
PDT,#N/A
PLSE,#N/A
GTHX,#N/A
VERU,#N/A
MYD,FALSE
ARLO,#N/A
BPYU,#N/A
BPYUP,#N/A
ATRS,FALSE
EFC,#N/A
UVSP,FALSE
QIWI,FALSE
SFT,#N/A
AWH,#N/A
AKUS,#N/A
OSW,#N/A
CBTX,FALSE
ETJ,FALSE
CURI,#N/A
NID,#N/A
RC,FALSE
RCA,#N/A
RCB,#N/A
RCP,#N/A
EQOS,#N/A
CAPL,FALSE
AERI,#N/A
CLW,FALSE
APXT,FALSE
SOHU,#N/A
BLX,FALSE
HONE,FALSE
BIT,FALSE
BMTC,FALSE
EOI,FALSE
KODK,#N/A
EGRX,FALSE
CRDF,#N/A
UTL,TRUE
PLL,#N/A
GPRE,#N/A
IXC,FALSE
NBB,FALSE
ARLP,#N/A
PPR,#N/A
NPK,FALSE
DCO,FALSE
CPS,#N/A
QCRH,FALSE
BGY,#N/A
BOWX,#N/A
ARDX,#N/A
AEGN,#N/A
HIO,#N/A
CMLF,#N/A
IVR,#N/A
GDYN,#N/A
NMCO,FALSE
AVRO,#N/A
YORW,FALSE
AMTB,FALSE
AMTBB,FALSE
TILE,#N/A
VCV,TRUE
ASIX,FALSE
DUO,#N/A
KNDI,#N/A
FRLN,#N/A
UMH,#N/A
SWIR,#N/A
PROF,#N/A
AGEN,#N/A
IHC,FALSE
SPTN,TRUE
BY,FALSE
STRL,FALSE
VVR,#N/A
ATEX,#N/A
PCPL,#N/A
CGBD,#N/A
MUC,#N/A
GMRE,#N/A
IMXI,FALSE
CFB,FALSE
INZY,#N/A
PBFX,FALSE
ANIK,#N/A
RUTH,#N/A
FLXN,#N/A
BBAR,TRUE
BTO,#N/A
RIGL,#N/A
CSV,FALSE
MMD,FALSE
MRUS,#N/A
IYT,FALSE
XME,FALSE
HSII,#N/A
MRC,#N/A
CAAP,#N/A
OACB,#N/A
RYI,#N/A
EVLO,#N/A
IMKTA,TRUE
GGN,#N/A
DBI,#N/A
SLCA,#N/A
NLS,FALSE
VEC,FALSE
FF,FALSE
ORBC,#N/A
DFIN,FALSE
ISEE,#N/A
ASAQ,#N/A
SRDX,FALSE
GHY,FALSE
PEBO,FALSE
ONE,#N/A
SIGA,FALSE
NXJ,#N/A
HWKN,FALSE
ULH,FALSE
MVF,FALSE
BBDC,#N/A
NLTX,#N/A
CAL,#N/A
FMBH,FALSE
ATOM,#N/A
CPE,#N/A
CBAT,#N/A
MTA,#N/A
CPF,FALSE
AVK,#N/A
RFP,#N/A
MIRM,#N/A
NVGS,#N/A
THR,#N/A
WLDN,#N/A
TREB,#N/A
CAI,FALSE
LDL,#N/A
PZN,FALSE
GLP,FALSE
FIXX,#N/A
TSC,FALSE
TSCAP,#N/A
TSCBP,#N/A
THBR,FALSE
QTNT,#N/A
CAC,FALSE
CASS,FALSE
RLMD,#N/A
IYJ,FALSE
TCS,FALSE
PSTX,#N/A
OPRX,#N/A
QTT,#N/A
HTBK,FALSE
GDEN,#N/A
HIX,#N/A
WIFI,#N/A
CHW,#N/A
OXFD,#N/A
AMSWA,FALSE
MX,FALSE
YI,#N/A
SLDB,#N/A
RWJ,FALSE
TLMD,#N/A
WTTR,#N/A
BGB,#N/A
UBP,FALSE
UBA,FALSE
BLW,#N/A
SCVL,FALSE
DNK,#N/A
MTL,#N/A
SRG,#N/A
PROS,FALSE
DGII,FALSE
COE,TRUE
BDSX,#N/A
CASA,#N/A
DAC,FALSE
HVT,FALSE
HVT.A,#N/A
SYRS,#N/A
EVGN,#N/A
CHUY,#N/A
TG,#N/A
DCOM,FALSE
DCOMP,#N/A
MUI,TRUE
PID,FALSE
MMU,#N/A
THFF,FALSE
CDEV,#N/A
LQDT,#N/A
NEW,#N/A
IFN,#N/A
CVM,#N/A
DMYD,#N/A
BXG,FALSE
IPV,FALSE
CDAK,#N/A
REV,#N/A
SOLO,#N/A
CLDT,#N/A
DIAX,#N/A
RNLX,#N/A
CMO,#N/A
CMTL,#N/A
BME,#N/A
GRAY,#N/A
DVAX,#N/A
CTRN,FALSE
AFMD,#N/A
ALTA,FALSE
SPPI,#N/A
CURO,FALSE
GPMT,#N/A
LXRX,#N/A
REVG,#N/A
MWK,#N/A
GEVO,#N/A
HCCI,FALSE
LBC,FALSE
JPI,#N/A
DFP,FALSE
GTS,FALSE
KNOP,FALSE
BBSI,FALSE
EQD,#N/A
MUA,FALSE
ETH,FALSE
XENE,#N/A
JKF,FALSE
LLNW,#N/A
HARP,#N/A
HPS,#N/A
EVN,FALSE
GMDA,#N/A
DNN,#N/A
NBTX,#N/A
WBAI,#N/A
NQP,#N/A
EFT,#N/A
NCV,FALSE
BFC,FALSE
GERN,#N/A
MFL,TRUE
OXLCM,#N/A
OXLCO,#N/A
OXLCP,#N/A
OXLC,#N/A
SMMC,#N/A
CMRX,#N/A
LEO,FALSE
MYN,#N/A
UROV,#N/A
LTRPA,#N/A
LTRPB,#N/A
FNKO,#N/A
SSPK,#N/A
DJCO,FALSE
IGD,#N/A
INSW,FALSE
SNDL,#N/A
EWM,FALSE
JHB,#N/A
FTHM,#N/A
AKTS,#N/A
RAPT,#N/A
APLT,#N/A
PAND,#N/A
GSS,#N/A
FFIC,FALSE
INAQ,#N/A
TUFN,#N/A
NHF,#N/A
CATC,FALSE
MCA,#N/A
BDGE,FALSE
AQB,#N/A
MPX,FALSE
NSSC,FALSE
MTEM,#N/A
PRTA,#N/A
XBIT,FALSE
JFR,#N/A
IDU,#N/A
TMDX,#N/A
GBL,FALSE
TGB,#N/A
MQY,#N/A
FUV,#N/A
FSD,#N/A
AVD,FALSE
CLAR,FALSE
FUSE,#N/A
HMLP,FALSE
SSTI,FALSE
ALLT,#N/A
IEA,FALSE
BMRC,FALSE
ZYXI,FALSE
WVE,#N/A
FOSL,#N/A
PKO,#N/A
OPRT,#N/A
VKI,FALSE
PRTH,FALSE
OYST,#N/A
HPI,#N/A
ECOM,FALSE
REX,FALSE
SPRB,#N/A
NTST,#N/A
DTIL,#N/A
CRNX,#N/A
EWS,#N/A
OGI,#N/A
LORL,FALSE
MGI,#N/A
NBR,#N/A
BLBD,FALSE
AXDX,#N/A
MTW,#N/A
DHIL,FALSE
TRUE,#N/A
XRT,FALSE
EAD,FALSE
BYSI,#N/A
BTE,#N/A
BEEM,#N/A
BCEI,FALSE
JIH,#N/A
AMOT,FALSE
CO,TRUE
ZIXI,#N/A
CAF,#N/A
TELL,#N/A
GBAB,#N/A
THW,FALSE
UVE,#N/A
DSU,#N/A
AUTL,#N/A
FUSN,#N/A
VKTX,#N/A
MCFT,#N/A
VHI,FALSE
GCO,#N/A
EFR,#N/A
ASPN,#N/A
PPT,#N/A
YJ,#N/A
PGC,FALSE
AROW,FALSE
DPG,#N/A
SRLP,FALSE
HEC,#N/A
NOG,#N/A
LXFR,FALSE
WSBF,FALSE
IIIN,FALSE
SPNE,#N/A
TITN,FALSE
EBF,FALSE
HQL,FALSE
HYMC,#N/A
APEI,FALSE
ONEW,FALSE
FAII,#N/A
GCI,#N/A
FSP,#N/A
PMO,FALSE
BZH,FALSE
GLSI,#N/A
FLDM,#N/A
ALT,#N/A
FSRV,FALSE
VPG,FALSE
KBAL,FALSE
HIFS,FALSE
BNFT,#N/A
URGN,#N/A
BTAQ,#N/A
CTT,#N/A
AXTI,#N/A
IVA,#N/A
MBWM,FALSE
ITRN,#N/A
XOMA,#N/A
AMAL,FALSE
BCEL,#N/A
HMHC,#N/A
UAVS,#N/A
RMT,#N/A
DXPE,#N/A
SLN,#N/A
SPRO,#N/A
CRF,#N/A
NAT,TRUE
IYM,FALSE
BDSI,FALSE
USAS,#N/A
RMNI,#N/A
PBYI,#N/A
NPTN,FALSE
SNR,#N/A
GLOG,#N/A
SXC,FALSE
OMP,FALSE
PEIX,#N/A
YAC,#N/A
AKBA,#N/A
FBRX,#N/A
MLR,FALSE
CLVS,#N/A
RYAM,FALSE
CSTE,FALSE
TA,FALSE
TANNI,#N/A
TANNL,#N/A
TANNZ,#N/A
RWK,FALSE
AWP,#N/A
STK,#N/A
LAWS,TRUE
VSEC,#N/A
EHI,#N/A
MRNS,#N/A
BFZ,#N/A
HCKT,FALSE
CBAY,#N/A
FIII,#N/A
MCF,#N/A
BFST,FALSE
SBR,FALSE
DEH,#N/A
GUT,#N/A
ERES,#N/A
FRA,FALSE
MIN,#N/A
FRPH,FALSE
MHN,#N/A
AEF,#N/A
EVI,FALSE
OCGN,#N/A
SURF,#N/A
FLIC,FALSE
ETNB,#N/A
MUJ,#N/A
ACND,#N/A
NAN,#N/A
PFLT,FALSE
CCBG,FALSE
IBCP,FALSE
ARAY,FALSE
FREE,#N/A
ENPC,#N/A
KE,FALSE
MSBI,FALSE
UNG,FALSE
VSTM,#N/A
ACAM,FALSE
VNTR,#N/A
SFTW,#N/A
JKL,FALSE
TDW,#N/A
JAGX,#N/A
VIH,#N/A
HCI,FALSE
HBT,FALSE
SMMT,#N/A
SNPR,#N/A
KALA,#N/A
CRAI,FALSE
MIY,#N/A
ASA,TRUE
CPSI,FALSE
ELLO,TRUE
EXPC,FALSE
CUTR,#N/A
THRY,TRUE
IHE,FALSE
HMTV,#N/A
MOV,#N/A
VRS,FALSE
CCAP,FALSE
BCYC,#N/A
GBLIL,#N/A
GBLI,FALSE
PIAI,#N/A
NEV,#N/A
ACIU,#N/A
DMLP,FALSE
MOFG,FALSE
NEWT,TRUE
NEWTL,#N/A
ESGC,#N/A
RFL,#N/A
CIO,#N/A
DGICA,FALSE
DGICB,#N/A
RADA,FALSE
SOI,#N/A
ZTR,#N/A
ETO,#N/A
EDD,#N/A
TPVG,FALSE
TPVY,#N/A
FISI,FALSE
DX,FALSE
IYE,#N/A
NH,#N/A
OLP,FALSE
PIC,#N/A
TNK,FALSE
WIMI,FALSE
RCEL,#N/A
AFB,#N/A
MUX,#N/A
MGTA,#N/A
IDYA,#N/A
SOAC,#N/A
APTO,#N/A
JYNT,FALSE
PKOH,#N/A
VMD,#N/A
EPIX,#N/A
CRD.A,FALSE
CRD.B,FALSE
IAT,FALSE
ATRO,#N/A
FPH,FALSE
HFFG,#N/A
FCBC,FALSE
OPY,FALSE
FLNT,FALSE
ALDX,#N/A
AXU,#N/A
UEC,#N/A
LOOP,#N/A
ETB,#N/A
TXMD,#N/A
HPF,#N/A
AVDL,FALSE
MPAA,FALSE
GLDG,#N/A
MBI,#N/A
PMM,FALSE
JKI,FALSE
ARA,#N/A
PMX,FALSE
NCZ,FALSE
TRC,FALSE
CUE,#N/A
FMNB,FALSE
SGU,FALSE
CPLG,#N/A
RGP,TRUE
AGLE,#N/A
BYM,TRUE
DSPG,#N/A
ACRE,FALSE
CHPM,FALSE
TCDA,#N/A
FTFT,FALSE
ALFA,TRUE
BSN,#N/A
TWI,#N/A
AENZ,#N/A
GILT,#N/A
NDLS,#N/A
ATHX,#N/A
VIOT,FALSE
ANIP,#N/A
BKT,TRUE
GIK,#N/A
ETM,#N/A
HOFT,#N/A
NRGX,#N/A
VUZI,#N/A
CTSO,#N/A
DLTH,FALSE
OIS,#N/A
MCR,#N/A
BSRR,FALSE
HOL,#N/A
ORC,FALSE
PLX,#N/A
GPL,#N/A
DSM,#N/A
KLDO,#N/A
HAFC,FALSE
RVP,TRUE
WIA,#N/A
SGC,FALSE
CCNEP,#N/A
CCNE,FALSE
PERI,FALSE
GWRS,FALSE
STXS,#N/A
TFFP,#N/A
ATLC,FALSE
BQ,#N/A
RRBI,FALSE
EGAN,FALSE
EIGR,#N/A
CONN,#N/A
KOR,#N/A
CNCE,#N/A
BNO,#N/A
GLO,#N/A
IYZ,FALSE
MMT,#N/A
AVXL,#N/A
ESTE,#N/A
IGIC,TRUE
TRVN,#N/A
POWL,FALSE
GXGX,FALSE
ERC,#N/A
DSKE,#N/A
APTS,#N/A
QH,#N/A
CDZI,#N/A
OIA,FALSE
PFL,#N/A
TEI,#N/A
NODK,FALSE
PLM,#N/A
GNUS,#N/A
PLYM,#N/A
IMUX,#N/A
INS,FALSE
BWB,FALSE
ALUS,#N/A
UFPT,FALSE
XXII,#N/A
NPA,FALSE
PUYI,#N/A
TMQ,TRUE
SPKE,FALSE
SPKEP,#N/A
IACA,#N/A
WTRH,#N/A
CCAC,#N/A
PMF,#N/A
NSCO,#N/A
MSB,FALSE
VRTV,FALSE
HOOK,#N/A
CHSCL,#N/A
CHSCM,#N/A
CHSCN,#N/A
CHSCO,#N/A
CHSCP,#N/A
BLE,FALSE
CPRX,TRUE
VTRU,FALSE
LEGH,FALSE
SRAC,FALSE
SELB,#N/A
CASI,#N/A
NGL,#N/A
RMM,#N/A
JRO,#N/A
USX,FALSE
CPZ,#N/A
VHC,TRUE
ASG,#N/A
HUIZ,#N/A
ARTNA,FALSE
MEN,FALSE
GNK,#N/A
EMX,#N/A
CBMG,#N/A
BHB,FALSE
CPSR,#N/A
SENEA,FALSE
SENEB,#N/A
COGT,#N/A
CLFD,FALSE
DZSI,#N/A
LAND,#N/A
LANDO,#N/A
LANDP,#N/A
NTP,#N/A
FC,#N/A
CAMP,#N/A
CSTR,FALSE
ACBI,FALSE
JGH,#N/A
EZA,FALSE
RM,FALSE
PROG,#N/A
SPFI,FALSE
VOXX,#N/A
FFA,#N/A
HTBI,FALSE
IPLDP,FALSE
INFU,FALSE
IVC,#N/A
PLG,#N/A
MYJ,#N/A
GAIN,#N/A
GAINL,#N/A
GAINM,#N/A
PLPC,FALSE
CSWC,#N/A
CSWCL,#N/A
HYI,#N/A
SOR,#N/A
GNTY,FALSE
FOF,#N/A
ACV,FALSE
TACO,#N/A
EQBK,#N/A
AMYT,#N/A
AMC,#N/A
REDU,#N/A
BRY,#N/A
CCRN,#N/A
WTI,FALSE
RBB,FALSE
WSG,#N/A
MEIP,#N/A
CTMX,#N/A
PCQ,#N/A
WSR,FALSE
BIVI,#N/A
RRGB,#N/A
OOMA,#N/A
XLG,FALSE
RZG,FALSE
RZV,FALSE
EWMC,#N/A
EWRE,#N/A
EWSC,#N/A
RCD,#N/A
RFG,FALSE
RFV,FALSE
RGI,#N/A
RHS,#N/A
RPG,FALSE
RPV,FALSE
RSP,FALSE
RTM,#N/A
RYE,#N/A
RYF,#N/A
RYH,#N/A
RYU,#N/A
TISI,#N/A
BLCT,#N/A
FRGI,#N/A
UFI,#N/A
JKK,FALSE
WTBA,FALSE
RICK,#N/A
EEX,#N/A
RFI,#N/A
BH,#N/A
BH.A,#N/A
JG,#N/A
CLA,#N/A
ARDC,FALSE
OESX,FALSE
LEJU,FALSE
FDUS,FALSE
FDUSZ,#N/A
SILC,FALSE
CZNC,FALSE
CRSA,FALSE
IMMR,#N/A
ACEV,#N/A
ABUS,#N/A
MCS,#N/A
TGLS,FALSE
GLTO,#N/A
CIA,#N/A
DBVT,#N/A
FDBC,FALSE
AGMH,#N/A
PSF,#N/A
AMCI,#N/A
DL,FALSE
THM,#N/A
KSMT,#N/A
CMPI,#N/A
TAST,#N/A
UXIN,#N/A
INTZ,#N/A
BXC,FALSE
VLGEA,FALSE
RBNC,FALSE
NMY,#N/A
STWO,#N/A
PNNT,#N/A
PNNTG,#N/A
MVT,FALSE
FULC,#N/A
LCUT,#N/A
NGVC,FALSE
OSBC,FALSE
CABA,#N/A
ALPN,#N/A
UTMD,FALSE
GPM,#N/A
EBTC,FALSE
STON,#N/A
GSM,#N/A
MIXT,FALSE
SRT,#N/A
UBX,#N/A
NOA,FALSE
MYC,#N/A
IYC,FALSE
FBIO,#N/A
FBIOP,#N/A
IDT,TRUE
ATCX,#N/A
EOT,FALSE
CHN,FALSE
RDHL,#N/A
LNDC,#N/A
MQT,#N/A
IPI,#N/A
BTU,#N/A
VRCA,#N/A
JLS,#N/A
WILC,FALSE
PDS,#N/A
IAI,FALSE
HAYN,#N/A
VYGR,FALSE
HEAR,TRUE
NXTC,#N/A
AMNB,FALSE
CODX,FALSE
RVI,#N/A
ALTG,#N/A
DFPH,#N/A
EMF,FALSE
GF,#N/A
SONA,FALSE
ESCA,FALSE
NATR,FALSE
STXB,FALSE
VIAO,#N/A
QD,FALSE
LMNR,#N/A
FCT,#N/A
JE,#N/A
CARE,#N/A
ESBA,#N/A
FISK,#N/A
OGCP,#N/A
IPHA,#N/A
DSSI,FALSE
RGS,#N/A
RCS,#N/A
MCB,FALSE
MTRX,#N/A
GTYH,#N/A
LMRKN,#N/A
LMRKO,#N/A
LMRK,FALSE
LMRKP,FALSE
HT,#N/A
KMF,#N/A
NEPT,#N/A
UCL,#N/A
IXG,FALSE
MCBC,FALSE
NCMI,#N/A
NCA,FALSE
EXI,FALSE
NVEC,FALSE
SCVX,#N/A
VPV,#N/A
CIVB,FALSE
SMMF,FALSE
LCAP,#N/A
LUNA,FALSE
FLY,FALSE
IRCP,FALSE
VTGN,#N/A
KALV,#N/A
CDXC,#N/A
SFST,FALSE
RLGT,FALSE
PEO,#N/A
LCTX,#N/A
INBK,FALSE
INBKL,#N/A
INBKZ,#N/A
SBG,#N/A
SMBC,FALSE
ICAD,#N/A
NWPX,FALSE
HRTG,FALSE
NXP,TRUE
MUE,TRUE
IMV,#N/A
PFIS,FALSE
IIF,#N/A
THTX,#N/A
TYG,#N/A
NUM,#N/A
LRMR,#N/A
RDVT,#N/A
NSH,FALSE
IXP,FALSE
MTNB,#N/A
SAVA,#N/A
DFHT,#N/A
RXI,FALSE
GLAD,#N/A
GLADD,#N/A
GLADL,#N/A
ENX,#N/A
EVM,#N/A
NBH,FALSE
JNCE,#N/A
PCK,#N/A
KLR,#N/A
CNBKA,FALSE
GSV,#N/A
CVGI,#N/A
PTSI,#N/A
EWI,FALSE
FNLC,FALSE
AONE,#N/A
NBEV,#N/A
YRD,TRUE
BKN,#N/A
FEI,#N/A
PRTK,#N/A
VALU,TRUE
XNET,#N/A
REKR,#N/A
LPI,#N/A
IRMD,FALSE
EWD,FALSE
NUO,#N/A
KXIN,#N/A
FLMN,TRUE
SIFY,FALSE
TOTA,#N/A
NMTR,#N/A
PKE,FALSE
OSMT,#N/A
OTIC,#N/A
BRG,#N/A
MHI,FALSE
LIVX,#N/A
CRMD,#N/A
PBFS,FALSE
PCYO,FALSE
XERS,#N/A
GLRE,#N/A
MAV,FALSE
CINR,FALSE
NPV,#N/A
ITIC,TRUE
HPX,#N/A
FTF,#N/A
TVC,#N/A
TVE,#N/A
IBEX,FALSE
SPLP,#N/A
ITI,FALSE
FMAO,FALSE
CRNT,#N/A
NXQ,TRUE
PEY,FALSE
PSJ,FALSE
PFI,FALSE
PRN,FALSE
PTF,FALSE
PPA,FALSE
PGJ,FALSE
PDP,FALSE
PSI,FALSE
PSP,FALSE
DBE,#N/A
DBV,#N/A
DGL,#N/A
EQWL,FALSE
KBWY,#N/A
PBE,FALSE
PBJ,FALSE
PBP,#N/A
PBW,#N/A
PKB,#N/A
PKW,#N/A
PLW,#N/A
PNQI,#N/A
PTH,FALSE
PUI,FALSE
PWB,FALSE
PWC,FALSE
PWV,FALSE
PXE,#N/A
PXJ,#N/A
PXQ,FALSE
PZA,#N/A
PZD,#N/A
PZT,#N/A
SPGP,#N/A
SPHQ,FALSE
SPVM,#N/A
UDN,#N/A
UUP,#N/A
XMMO,#N/A
XSVM,FALSE
XMVM,FALSE
XSMO,FALSE
PJP,FALSE
PSL,FALSE
PFM,FALSE
PGF,TRUE
PBS,FALSE
LCI,#N/A
TLYS,#N/A
VYNE,#N/A
FTIV,#N/A
QMCO,#N/A
WHF,TRUE
WHFBZ,#N/A
SSSS,FALSE
SUPV,TRUE
ZOM,#N/A
MBIO,#N/A
NNBR,#N/A
APYX,#N/A
IMMP,#N/A
EZPW,#N/A
MFM,#N/A
BGT,#N/A
DUC,#N/A
CVLG,#N/A
ACET,#N/A
MVBF,FALSE
FPI,#N/A
MDNA,#N/A
BGFV,FALSE
CGRO,#N/A
CGROW,#N/A
JKJ,FALSE
PCSB,FALSE
TSI,#N/A
VRA,FALSE
AOUT,#N/A
LMPX,#N/A
LEU,FALSE
HBCP,FALSE
ACRS,#N/A
GDO,#N/A
UEPS,#N/A
LOGC,#N/A
GFN,FALSE
GFNCP,FALSE
GFNSL,#N/A
GFNSZ,#N/A
CLPT,#N/A
FTSI,#N/A
BIOX,FALSE
GRTX,#N/A
BWAY,#N/A
MGU,#N/A
CEM,#N/A
PWFL,#N/A
ATAX,FALSE
BRT,#N/A
CCB,FALSE
ITRG,#N/A
PHT,#N/A
AMPE,#N/A
NEXT,#N/A
BCTG,#N/A
HSAQ,#N/A
RESN,#N/A
SPXX,#N/A
DMB,FALSE
ANH,#N/A
ODC,FALSE
CECE,FALSE
TRNS,FALSE
BWG,#N/A
PHD,#N/A
CSPR,#N/A
TMST,#N/A
HCHC,#N/A
CEIX,#N/A
JOF,#N/A
IRS,FALSE
LATN,FALSE
JFU,#N/A
FLXS,#N/A
GAU,TRUE
FST,#N/A
UIHC,#N/A
MTT,#N/A
TMTS,#N/A
EGLE,#N/A
TK,#N/A
NUW,#N/A
XPH,FALSE
MNOV,#N/A
ASPL,#N/A
SAR,FALSE
SAF,FALSE
SAK,#N/A
KZR,#N/A
IBIO,#N/A
MEC,#N/A
HRZN,FALSE
HTFA,#N/A
VTN,#N/A
BVH,#N/A
GRTS,#N/A
SBT,#N/A
LAKE,FALSE
AEYE,#N/A
LITB,TRUE
AGRX,#N/A
GHL,#N/A
CTIC,#N/A
RUHN,#N/A
XONE,#N/A
ETX,TRUE
FSBW,FALSE
SJ,FALSE
HBB,FALSE
RACA,#N/A
CSLT,#N/A
YRCW,#N/A
BBCP,#N/A
CTO,FALSE
PAYS,#N/A
EVC,#N/A
CVEO,#N/A
NCNA,#N/A
SDS,#N/A
HBMD,#N/A
ASPU,#N/A
INMB,#N/A
CSSE,#N/A
CSSEN,#N/A
CSSEP,#N/A
STIM,#N/A
BLU,#N/A
EVF,#N/A
GIX,#N/A
SUNS,FALSE
KRMD,#N/A
COFS,FALSE
AJX,FALSE
AJXA,#N/A
CLMT,#N/A
NOVS,#N/A
CHMA,#N/A
TBNK,FALSE
OIIM,FALSE
KIRK,#N/A
KOPN,#N/A
NL,FALSE
SCOR,#N/A
LGI,#N/A
MSON,#N/A
BNED,#N/A
SPOK,#N/A
PVBC,FALSE
EXFO,#N/A
DHY,FALSE
THCA,#N/A
NATH,FALSE
SCPE,FALSE
NAK,#N/A
GWGH,#N/A
MXI,#N/A
CRESY,FALSE
MG,#N/A
IGI,#N/A
JRS,#N/A
TARA,#N/A
DAKT,#N/A
AAOI,#N/A
VBF,#N/A
BGR,#N/A
GSL,FALSE
GSLD,#N/A
IMRA,#N/A
AGS,#N/A
MESA,FALSE
OCN,FALSE
PZC,FALSE
FEN,#N/A
ALCO,FALSE
NHS,FALSE
SLGL,#N/A
PSAC,#N/A
OCSI,#N/A
EWN,FALSE
MHD,FALSE
NR,#N/A
CATO,#N/A
APTX,#N/A
AQMS,#N/A
PMVC,#N/A
FLC,#N/A
TNAV,FALSE
JCE,#N/A
TELA,#N/A
MLP,#N/A
PFHD,FALSE
VRNA,#N/A
ACNB,FALSE
GNRS,FALSE
FCBP,FALSE
FVE,FALSE
AFT,#N/A
FLUX,#N/A
DFNS,FALSE
CTRA,#N/A
TSBK,FALSE
KF,#N/A
LYTS,FALSE
OPTN,#N/A
NWFL,FALSE
HZN,#N/A
SALT,#N/A
NXR,#N/A
RCKY,FALSE
INSI,#N/A
BSL,#N/A
ATLO,FALSE
SMSI,FALSE
NHIC,#N/A
GRX,#N/A
KVHI,#N/A
MTCR,#N/A
GNSS,FALSE
QUAD,#N/A
SAII,#N/A
EOD,#N/A
ONCT,#N/A
PIM,#N/A
IVH,#N/A
EMO,#N/A
GCBC,FALSE
MOGU,#N/A
FUND,#N/A
DHF,#N/A
AVEO,#N/A
ACTG,FALSE
SQNS,#N/A
NRIM,FALSE
IDN,#N/A
PTVCA,#N/A
PTVCB,#N/A
SIEN,#N/A
PRQR,#N/A
TTOO,#N/A
MBII,#N/A
TOUR,#N/A
CNF,TRUE
NKSH,FALSE
SAMG,FALSE
SENS,#N/A
ARYA,#N/A
NML,#N/A
DSX,#N/A
WRN,#N/A
AKU,FALSE
IDE,#N/A
FVCB,FALSE
MIST,#N/A
SCD,#N/A
ATTO,#N/A
SHSP,#N/A
SBBP,#N/A
GPX,FALSE
USL,#N/A
PFBI,FALSE
FURY,#N/A
NYMX,#N/A
TLSA,#N/A
FDEU,#N/A
CAAS,#N/A
JTD,#N/A
UNTY,FALSE
SCPS,#N/A
JXI,FALSE
EVFM,#N/A
GTE,#N/A
RGCO,FALSE
GORO,#N/A
NBN,FALSE
CHS,#N/A
HYB,#N/A
NSL,#N/A
SCA,#N/A
SCM,TRUE
STRS,#N/A
UTI,FALSE
CMCL,TRUE
FVL,#N/A
GGT,#N/A
GNE,FALSE
BCBP,FALSE
PANA,#N/A
BELFA,FALSE
BELFB,FALSE
GPP,FALSE
ETON,#N/A
PFD,#N/A
ADMA,#N/A
CVCY,FALSE
MPB,FALSE
ASMB,#N/A
OCX,#N/A
BKCC,#N/A
BSET,#N/A
CMCT,#N/A
CMCTP,#N/A
AMRK,FALSE
SGOC,#N/A
CRHM,TRUE
FCAP,FALSE
HROW,#N/A
AXLA,#N/A
GTT,#N/A
XGN,#N/A
KIN,#N/A
PKBK,FALSE
OBAS,#N/A
TUSK,#N/A
SPI,#N/A
TCI,FALSE
CBNK,FALSE
CWCO,FALSE
LCNB,FALSE
MPA,#N/A
ADRE,#N/A
HURC,#N/A
MFO,FALSE
PVAC,#N/A
TYME,#N/A
CALA,#N/A
MARK,#N/A
CNTY,#N/A
SNCR,#N/A
PYPD,#N/A
UAN,#N/A
FENC,#N/A
SESN,#N/A
BLSA,#N/A
ASPS,#N/A
WLFC,FALSE
GLQ,#N/A
BW,#N/A
GAIA,#N/A
WMC,#N/A
MHLD,TRUE
MHLA,#N/A
MYF,TRUE
ACP,#N/A
BSCP,#N/A
BSCQ,#N/A
BSCR,#N/A
BSJN,#N/A
BSJO,#N/A
BSJP,#N/A
CSD,#N/A
CVY,#N/A
CZA,#N/A
DEF,#N/A
DJD,#N/A
GSY,#N/A
RYJ,#N/A
SMTI,#N/A
CIH,FALSE
PSTI,#N/A
MOGO,#N/A
MDCA,#N/A
NIQ,TRUE
NRO,#N/A
PCOM,#N/A
MHH,FALSE
ECF,FALSE
GENC,FALSE
AT,#N/A
NRP,#N/A
GMLPP,FALSE
GMLP,FALSE
FSDC,#N/A
STRT,#N/A
ISTR,FALSE
JFIN,FALSE
FRBA,FALSE
CERC,#N/A
FT,#N/A
BLRX,#N/A
GSIT,#N/A
BNY,#N/A
CKPT,#N/A
MRCC,#N/A
MRCCL,#N/A
CULP,#N/A
AYRO,#N/A
MLAC,#N/A
OSG,FALSE
LUMO,#N/A
MSD,#N/A
BOCH,FALSE
STG,#N/A
WPG,#N/A
PDLB,#N/A
BCML,FALSE
TEAF,FALSE
SWKH,FALSE
RMBI,#N/A
DMF,FALSE
ESSC,FALSE
AVNW,TRUE
GLYC,#N/A
JHS,#N/A
DSI,#N/A
TOK,#N/A
PRGX,#N/A
AQST,#N/A
NBSE,#N/A
ONCS,#N/A
NAZ,#N/A
SIC,#N/A
CYBE,FALSE
MYL,#N/A
GLEO,FALSE
LIZI,#N/A
SLNO,#N/A
PICO,FALSE
DMAC,#N/A
SB,#N/A
IVAC,FALSE
SHBI,FALSE
ALSK,TRUE
FRBK,#N/A
BHR,#N/A
SLCT,FALSE
HOV,TRUE
HOVNP,#N/A
CMLS,#N/A
FCCY,FALSE
PWOD,TRUE
CIX,TRUE
SRRA,#N/A
VNRX,#N/A
EDAP,#N/A
CVLY,FALSE
SCPH,#N/A
VVPR,#N/A
XCUR,#N/A
AIRG,#N/A
RRD,#N/A
TREC,FALSE
NC,TRUE
FGBI,FALSE
CTK,#N/A
ABEO,#N/A
NMMC,#N/A
CLXT,#N/A
MUS,#N/A
BGX,#N/A
APOP,#N/A
JDD,#N/A
LKCO,#N/A
BTA,#N/A
GV,#N/A
LIQT,#N/A
FNWB,FALSE
LAZY,FALSE
MUH,#N/A
MCMJ,#N/A
GNFT,#N/A
SECO,FALSE
CPLP,#N/A
TEDU,#N/A
WNEB,TRUE
LFAC,#N/A
BBK,FALSE
RDI,#N/A
RDIB,#N/A
YCBD,FALSE
MYFW,FALSE
CEE,#N/A
OXSQ,#N/A
OXSQZ,#N/A
EYEN,#N/A
FMN,#N/A
TIPT,#N/A
WEYS,#N/A
TNP,FALSE
III,FALSE
CLSD,#N/A
SMTX,FALSE
ESQ,FALSE
FBIZ,FALSE
PBT,FALSE
FSTR,FALSE
EMKR,#N/A
RIV,#N/A
SOLY,#N/A
ZEUS,#N/A
ESSA,FALSE
TH,#N/A
BRID,FALSE
HLXA,#N/A
WEA,#N/A
CIK,#N/A
LINC,TRUE
HBIO,#N/A
APVO,#N/A
SREV,#N/A
AYLA,#N/A
OTLK,#N/A
BPRN,FALSE
IGA,#N/A
GNPX,#N/A
SMED,FALSE
PHGE,#N/A
TRX,#N/A
XYF,#N/A
APT,FALSE
MICT,#N/A
BCV,FALSE
MHF,#N/A
ESXB,FALSE
LEVL,FALSE
LEVLP,#N/A
TMDI,#N/A
TNXP,#N/A
PRPH,#N/A
PFO,#N/A
PTN,#N/A
CXE,#N/A
INOD,#N/A
ELOX,#N/A
PIRS,#N/A
TCFC,FALSE
IIN,#N/A
ELA,#N/A
FSFG,FALSE
GRNQ,#N/A
SRGA,#N/A
ORN,FALSE
KRUS,#N/A
INFI,#N/A
CHMG,TRUE
ELVT,FALSE
MLSS,#N/A
STND,FALSE
EXTN,#N/A
DMO,#N/A
PCB,FALSE
TILT,#N/A
DS,#N/A
VTVT,#N/A
GLOP,#N/A
GSMG,FALSE
GHM,FALSE
NOVN,#N/A
CHMI,#N/A
OVID,#N/A
EVBN,FALSE
BWFG,FALSE
ZAGG,#N/A
VMM,#N/A
EARN,TRUE
AVCT,#N/A
NNY,FALSE
SNFCA,FALSE
JHI,#N/A
ROCH,#N/A
ERYP,#N/A
CAPA,#N/A
DYAI,#N/A
LEAF,#N/A
CFRX,#N/A
IDRA,#N/A
AUBN,FALSE
EBMT,FALSE
BWEN,#N/A
ELC,#N/A
MCN,FALSE
PTK,#N/A
BSA,TRUE
NBAC,#N/A
PAI,#N/A
PME,TRUE
EML,FALSE
ZVO,#N/A
IFRX,#N/A
EYPT,#N/A
ENOB,#N/A
PSTL,#N/A
GLG,#N/A
SIOX,#N/A
EMAN,#N/A
TDAC,#N/A
MGF,#N/A
NEN,FALSE
ARL,TRUE
INVE,#N/A
CSBR,#N/A
INSE,#N/A
PXLW,#N/A
XIN,FALSE
CPST,#N/A
GER,#N/A
RDCM,#N/A
MNP,#N/A
NTG,#N/A
AZYO,#N/A
ALYA,#N/A
BASI,#N/A
BCLI,#N/A
MRLN,#N/A
EOLS,#N/A
NMCI,FALSE
BFRA,#N/A
DLA,#N/A
MMAC,FALSE
BSVN,FALSE
LOV,#N/A
NTZ,#N/A
RGT,FALSE
FTEK,#N/A
ENJ,#N/A
ENO,#N/A
VEL,#N/A
PEBK,FALSE
CCM,#N/A
MBCN,FALSE
JTA,#N/A
URG,#N/A
VERY,#N/A
TCON,#N/A
KCAPL,#N/A
PTMN,#N/A
SBFG,FALSE
OFED,FALSE
VMAC,#N/A
PFSW,#N/A
SFE,#N/A
HYRE,#N/A
ICBK,FALSE
BGSF,FALSE
EDN,#N/A
CFFI,FALSE
CBAN,FALSE
LYRA,#N/A
IEC,TRUE
XAN,#N/A
BSGM,#N/A
BATL,#N/A
MFNC,FALSE
HWBK,TRUE
CALB,FALSE
NMT,#N/A
ASUR,TRUE
FTK,#N/A
RMI,#N/A
NMM,#N/A
NUZE,#N/A
PAVM,#N/A
BBF,#N/A
LFVN,FALSE
HTBX,#N/A
CGO,#N/A
OVLY,FALSE
EDF,#N/A
GDL,#N/A
METC,FALSE
BFIN,FALSE
LTRX,#N/A
CBIO,#N/A
HQI,TRUE
FAM,#N/A
FNCB,FALSE
DLNG,#N/A
DRIO,#N/A
TSQ,#N/A
SGA,#N/A
XFOR,#N/A
NKG,#N/A
AGD,#N/A
SJT,FALSE
LPTX,#N/A
ACRX,#N/A
BAF,#N/A
SUNW,#N/A
ADMS,#N/A
APRN,#N/A
AAIC,#N/A
AIC,#N/A
AIW,#N/A
TTI,#N/A
BANX,FALSE
NGS,FALSE
CXDO,FALSE
MLVF,FALSE
NIM,#N/A
CDR,#N/A
AHAC,#N/A
EQ,#N/A
YGMZ,FALSE
JEQ,#N/A
MRBK,FALSE
RENN,#N/A
ENG,FALSE
PANL,#N/A
AP,FALSE
LQDA,#N/A
ENLV,#N/A
RNET,#N/A
SBI,#N/A
KRKR,#N/A
FCCO,FALSE
AMHC,#N/A
GDP,#N/A
MNSB,FALSE
MNSBP,#N/A
SIEB,FALSE
PROV,FALSE
PCM,#N/A
CLPR,#N/A
QK,#N/A
GALT,#N/A
MPV,#N/A
MFIN,#N/A
MFINL,#N/A
SUP,#N/A
PCTI,FALSE
SD,#N/A
AHT,#N/A
EXN,#N/A
FONR,FALSE
CMU,#N/A
GNCA,#N/A
ENZ,#N/A
DLHC,FALSE
PMBC,FALSE
PNI,#N/A
WHG,#N/A
IAF,#N/A
DTF,#N/A
MTBC,#N/A
MTBCP,#N/A
OBCI,FALSE
GGZ,#N/A
OEG,#N/A
JPXN,FALSE
LMNL,TRUE
IMNM,#N/A
ASC,FALSE
ISR,#N/A
SFUN,#N/A
SPPP,TRUE
MFT,#N/A
GEOS,#N/A
CZWI,TRUE
CIZN,FALSE
FRAF,FALSE
EGY,#N/A
UBFO,FALSE
BSBK,FALSE
HIL,FALSE
SPE,#N/A
GCV,#N/A
MITT,#N/A
AIH,#N/A
EFF,#N/A
ORGS,FALSE
KFS,#N/A
RVSB,FALSE
PHAS,#N/A
DHX,#N/A
CRBP,#N/A
ERH,#N/A
FUNC,FALSE
FFNW,FALSE
LTRN,#N/A
PBPB,#N/A
KERN,#N/A
UNB,FALSE
HNW,#N/A
LXU,#N/A
AGTC,#N/A
FPL,#N/A
ONTX,#N/A
VBLT,#N/A
CELC,#N/A
YTRA,#N/A
TWIN,#N/A
AYTU,#N/A
LXEH,FALSE
CMT,FALSE
PTRS,FALSE
TRXC,#N/A
AUMN,#N/A
OBSV,#N/A
MKD,#N/A
MDGS,#N/A
LARK,FALSE
JAX,FALSE
PDEX,FALSE
QUMU,#N/A
FCRD,#N/A
FCRW,#N/A
FCRZ,#N/A
NCTY,#N/A
FVAM,#N/A
RNDB,TRUE
PGP,#N/A
SAL,FALSE
AGFS,#N/A
XSPA,#N/A
LJPC,#N/A
TRCH,#N/A
XES,FALSE
ATNM,#N/A
MDWD,#N/A
OVBC,TRUE
CHAQ,#N/A
ONCY,#N/A
ASM,#N/A
CYCN,#N/A
MNTX,#N/A
TZOO,#N/A
NERV,#N/A
VVOS,#N/A
ULBI,FALSE
VGZ,FALSE
PINE,FALSE
NYC,#N/A
CRVS,#N/A
NTIC,#N/A
LSAQ,#N/A
IZEA,#N/A
RZLT,#N/A
PEJ,FALSE
APRE,#N/A
RMRM,#N/A
WATT,#N/A
LMB,FALSE
ORMP,#N/A
IAE,#N/A
XAIR,#N/A
FLL,#N/A
CBFV,#N/A
CFBK,TRUE
IGN,FALSE
BSD,#N/A
GASS,FALSE
FSLF,#N/A
DGT,FALSE
METX,#N/A
BRBS,FALSE
OCG,FALSE
OPOF,FALSE
ACU,FALSE
ATXI,#N/A
CDTX,#N/A
NXC,#N/A
PCYG,FALSE
STKS,TRUE
ISSC,TRUE
WPS,FALSE
HOFV,#N/A
XTNT,#N/A
CTG,FALSE
RMTI,#N/A
CEMI,#N/A
DCTH,FALSE
NMI,#N/A
ZYNE,#N/A
MN,TRUE
NRBO,#N/A
UONE,#N/A
UONEK,#N/A
CPSS,FALSE
ADES,#N/A
SANW,#N/A
FEIM,#N/A
CLIR,#N/A
LPCN,#N/A
MRAM,#N/A
EPM,#N/A
MACK,FALSE
WEI,#N/A
AE,#N/A
GLU,#N/A
PED,#N/A
PBIP,TRUE
RBKB,FALSE
LPTH,FALSE
GEN,#N/A
ITAC,#N/A
COCP,#N/A
CEV,#N/A
VERO,#N/A
EXD,#N/A
GRIN,#N/A
CYAD,#N/A
WWR,#N/A
RIVE,#N/A
LMST,FALSE
SVBI,FALSE
MAGS,FALSE
GMBL,#N/A
TRIB,#N/A
NEON,#N/A
USDP,#N/A
HGBL,TRUE
LGC,#N/A
SACC,#N/A
SCCC,#N/A
SACH,FALSE
REC,TRUE
APEN,#N/A
KZIA,#N/A
CIDM,#N/A
AVCO,#N/A
OFS,#N/A
OFSSG,#N/A
OFSSZ,#N/A
AMST,#N/A
CANF,FALSE
PNF,#N/A
ASYS,#N/A
IAK,FALSE
ANIX,#N/A
ETTX,#N/A
GROW,FALSE
REFR,#N/A
FRAN,FALSE
AFI,#N/A
APM,#N/A
EIC,#N/A
WINT,#N/A
NMRD,#N/A
GLV,#N/A
ZGYH,#N/A
EPSN,FALSE
ARAV,#N/A
NWHM,#N/A
BOXL,#N/A
MREO,#N/A
ELYS,#N/A
BKSC,FALSE
CXH,#N/A
HBP,#N/A
CAPR,#N/A
NREF,#N/A
BSE,#N/A
NTIP,#N/A
LWAY,FALSE
VLT,#N/A
ELMD,FALSE
MCHX,#N/A
LUB,#N/A
HMNF,FALSE
FENG,FALSE
REI,#N/A
QLGN,#N/A
AWRE,#N/A
RLH,#N/A
POLA,#N/A
ONVO,#N/A
MRKR,#N/A
BKEP,#N/A
BKEPP,#N/A
OPTT,#N/A
VNCE,#N/A
STSA,#N/A
OMEX,#N/A
FARM,#N/A
NINE,TRUE
USIO,#N/A
FXNC,#N/A
USAK,#N/A
SCYX,#N/A
NAII,FALSE
CWBR,#N/A
AIM,#N/A
SND,FALSE
PETZ,#N/A
SFBC,#N/A
WYY,FALSE
DVD,TRUE
VERB,#N/A
CHRA,#N/A
UBOH,FALSE
EMCF,TRUE
KTCC,FALSE
DPW,#N/A
MCAC,#N/A
TGA,#N/A
ZSAN,#N/A
SYBX,#N/A
LIVK,#N/A
PEI,#N/A
BRPA,#N/A
SSBI,FALSE
SYNL,#N/A
EEA,#N/A
GFED,FALSE
SEED,#N/A
WSTG,TRUE
TACT,#N/A
CNET,#N/A
FET,#N/A
FNHC,#N/A
LEE,#N/A
PNRG,#N/A
FFBW,FALSE
TPZ,#N/A
USAU,#N/A
CLDB,FALSE
SFET,#N/A
PESI,FALSE
LSBK,#N/A
GECC,#N/A
GECCN,#N/A
MOHO,#N/A
PCSA,#N/A
LACQ,FALSE
OCUP,#N/A
JMP,#N/A
JMPNL,#N/A
JMPNZ,#N/A
IGC,#N/A
WTER,#N/A
UBCP,TRUE
NEPH,#N/A
CWBC,FALSE
SEEL,#N/A
IGV,#N/A
ECOR,#N/A
CHEK,#N/A
AMRB,TRUE
PW,FALSE
EWO,FALSE
MFD,#N/A
AREC,#N/A
AVGR,#N/A
MITO,#N/A
AAU,#N/A
EVY,FALSE
CRWS,FALSE
USAP,#N/A
CFBI,FALSE
ASLN,#N/A
IKT,#N/A
NBW,#N/A
SLS,#N/A
XELA,#N/A
OGEN,#N/A
LNSR,#N/A
CCNC,#N/A
ARC,FALSE
TC,#N/A
DDF,#N/A
ZDGE,FALSE
GRNV,#N/A
ALOT,#N/A
MGEN,#N/A
GTEC,FALSE
ARKR,#N/A
CYRN,#N/A
FAT,#N/A
FATBP,#N/A
FEO,#N/A
GLMD,#N/A
PECK,#N/A
BFY,#N/A
KINS,#N/A
LAIX,#N/A
ISDR,FALSE
PTE,#N/A
MNPR,#N/A
TOMZ,TRUE
SRL,#N/A
BPT,FALSE
CXDC,#N/A
FBSS,FALSE
HEPA,#N/A
SVRA,#N/A
SMHI,#N/A
RMBL,#N/A
REPH,#N/A
DGLY,#N/A
RYB,#N/A
INTG,#N/A
RNGR,#N/A
CCRC,FALSE
MZA,FALSE
ACST,#N/A
AKTX,#N/A
FCO,#N/A
BIOC,#N/A
SRTS,#N/A
IROQ,FALSE
CODA,TRUE
JRSH,FALSE
VCF,FALSE
BLPH,#N/A
KLXE,#N/A
GNLN,#N/A
ALNA,#N/A
CFMS,#N/A
ICMB,#N/A
ALRN,#N/A
BBW,#N/A
EVOK,#N/A
JMM,FALSE
AIRT,#N/A
AIRTP,#N/A
EXPR,#N/A
INTT,FALSE
OSS,FALSE
HNNA,FALSE
TESS,#N/A
SOS,FALSE
PHUN,#N/A
UG,TRUE
IMBI,#N/A
VJET,#N/A
LGHL,FALSE
APDN,#N/A
ADMP,#N/A
VIRI,#N/A
TURN,#N/A
RELL,#N/A
NICK,TRUE
GHSI,#N/A
SBOW,#N/A
LIV,#N/A
AMTX,#N/A
JP,#N/A
KBNT,#N/A
ARMP,#N/A
RNWK,#N/A
JT,#N/A
NETE,#N/A
DTEA,#N/A
UFAB,#N/A
AGBA,FALSE
ANPC,#N/A
RSSS,#N/A
MCEP,#N/A
IRR,#N/A
CPHC,FALSE
IMH,#N/A
ARDS,#N/A
CTXR,#N/A
EGF,#N/A
BMRA,#N/A
BRLI,#N/A
NCSM,#N/A
NBO,#N/A
DFFN,#N/A
AGE,#N/A
MMLP,FALSE
ALAC,FALSE
ZKIN,FALSE
HTY,#N/A
INUV,#N/A
HALL,#N/A
AMPY,#N/A
PIXY,#N/A
ANVS,#N/A
SYNC,#N/A
IEZ,#N/A
GSUM,#N/A
NHTC,#N/A
KRBP,#N/A
ALTS,#N/A
ITRM,#N/A
LGL,TRUE
VFL,#N/A
DWSN,#N/A
FMK,#N/A
MGYR,FALSE
LN,#N/A
CLPS,FALSE
NNA,FALSE
MBRX,#N/A
BRQS,#N/A
PBHC,#N/A
ASRT,#N/A
DOGZ,#N/A
AMBO,#N/A
EKSO,#N/A
NAVB,#N/A
BOTJ,FALSE
BBI,#N/A
SRAX,#N/A
AXR,#N/A
NBRV,#N/A
TOPS,#N/A
FUSB,FALSE
GENE,#N/A
MBOT,#N/A
FSEA,FALSE
ASRV,FALSE
UTSI,#N/A
SIF,FALSE
DIT,TRUE
INPX,#N/A
IRL,#N/A
PLXP,#N/A
NXN,#N/A
TANH,#N/A
TATT,#N/A
CHNR,FALSE
REED,#N/A
BCDA,#N/A
WKEY,#N/A
STCN,#N/A
FWP,#N/A
AESE,#N/A
GRCY,#N/A
TRVI,#N/A
FPAY,#N/A
PYZ,FALSE
EWK,FALSE
ATV,TRUE
AIHS,#N/A
RGLS,#N/A
NXTD,#N/A
PEZ,FALSE
ARPO,#N/A
STRM,#N/A
ADXN,#N/A
PT,#N/A
VCNX,#N/A
SRV,#N/A
CLRB,#N/A
PHX,#N/A
CBMB,#N/A
EDSA,#N/A
MDJH,FALSE
UAMY,#N/A
MNDO,TRUE
PYN,#N/A
TZA,#N/A
KCE,FALSE
FEDU,#N/A
CDOR,#N/A
NCB,TRUE
ACHV,#N/A
PFMT,#N/A
ADXS,#N/A
FRD,#N/A
HFBL,TRUE
SSKN,#N/A
HFEN,#N/A
PPIH,#N/A
CRT,FALSE
BBGI,#N/A
CIF,#N/A
CBLI,#N/A
NTEC,#N/A
MKGI,#N/A
IMRN,#N/A
BXRX,#N/A
SONM,#N/A
IOR,TRUE
HWCC,#N/A
GIFI,#N/A
SGBX,#N/A
BCOW,FALSE
AAME,FALSE
AEHR,#N/A
BIOL,#N/A
DSWL,#N/A
LOAN,FALSE
VBFC,FALSE
GOED,#N/A
HDSN,#N/A
ALJJ,#N/A
RFIL,#N/A
PCF,#N/A
EVK,#N/A
BBQ,FALSE
NTWK,FALSE
FGB,#N/A
SEAC,#N/A
CVU,#N/A
SMLP,#N/A
ESP,FALSE
CPSH,FALSE
DXR,#N/A
MSVB,FALSE
CYCC,#N/A
CYCCP,#N/A
CATB,#N/A
HAPP,FALSE
ANDA,FALSE
CCLP,#N/A
HUGE,#N/A
ATIF,#N/A
ICCH,TRUE
OCCI,#N/A
OCCIP,#N/A
NM,#N/A
QRHC,FALSE
DTSS,#N/A
CPIX,#N/A
HUD,#N/A
CLRO,#N/A
ATNF,#N/A
FMO,#N/A
PULM,#N/A
HCAP,#N/A
HNRG,#N/A
MAYS,#N/A
ZCMD,FALSE
ICCC,#N/A
DXYN,FALSE
IO,#N/A
JCS,#N/A
TPHS,FALSE
QUIK,#N/A
MVO,FALSE
JUPW,#N/A
SNSS,#N/A
MEDS,#N/A
PFIE,#N/A
GURE,#N/A
SINT,#N/A
RAIL,#N/A
RAND,FALSE
OPGN,#N/A
AIRI,#N/A
SHIP,FALSE
SNGX,#N/A
ESBK,FALSE
HGSH,#N/A
MFV,#N/A
ATOS,#N/A
INM,#N/A
SPRT,FALSE
INDO,#N/A
CJJD,#N/A
QID,#N/A
SONN,#N/A
HX,#N/A
NHLD,#N/A
HPR,#N/A
LIXT,#N/A
VOLT,#N/A
PNBK,#N/A
AUVI,FALSE
MYO,#N/A
LIFE,#N/A
SLGG,#N/A
AACG,#N/A
HYD,#N/A
ARCM,#N/A
EYES,#N/A
OTEL,FALSE
BYFC,#N/A
BKTI,#N/A
APWC,#N/A
ABIO,#N/A
PRT,FALSE
PRPO,#N/A
WTT,#N/A
LODE,FALSE
IID,#N/A
MTEX,FALSE
DAIO,#N/A
KSPN,#N/A
CPTA,#N/A
ACOR,FALSE
PPSI,#N/A
HVBC,#N/A
CTHR,#N/A
VIRC,#N/A
CSPI,#N/A
SELF,#N/A
FFHL,FALSE
PZG,#N/A
ASTC,#N/A
ESEA,FALSE
NEWA,FALSE
VTNR,#N/A
DSS,#N/A
SOHO,#N/A
SOHOB,#N/A
SOHON,#N/A
SOHOO,#N/A
IRIX,#N/A
AUTO,#N/A
RKDA,#N/A
PRFX,#N/A
BDL,#N/A
PHCF,#N/A
AAMC,#N/A
USWS,#N/A
NEOS,#N/A
CRTD,#N/A
CSCW,#N/A
OPNT,#N/A
AHC,#N/A
HCFT,#N/A
NES,#N/A
TBLT,#N/A
TAYD,TRUE
CNNB,FALSE
GTIM,#N/A
GIGM,#N/A
MTC,#N/A
SQFT,#N/A
NNVC,#N/A
BWL.A,#N/A
VISL,#N/A
NYV,#N/A
XPL,#N/A
JILL,#N/A
CGA,#N/A
FAZ,#N/A
BHAT,FALSE
OLB,#N/A
ANTE,#N/A
CUBA,#N/A
MOTS,#N/A
SALM,#N/A
KTRA,#N/A
AEZS,#N/A
WISA,#N/A
GLBZ,FALSE
AEY,#N/A
LTBR,#N/A
NOM,FALSE
KEQU,#N/A
SYPR,FALSE
NAKD,#N/A
LMFA,#N/A
LOAC,#N/A
AEMD,#N/A
FSI,FALSE
KIQ,#N/A
SUMR,TRUE
NBY,#N/A
CELP,#N/A
TRMT,FALSE
BZM,#N/A
DXF,FALSE
CLSN,#N/A
NRT,FALSE
GRF,#N/A
MHE,FALSE
MYSZ,#N/A
SCX,#N/A
WVVIP,FALSE
WVVI,TRUE
BTN,FALSE
LYL,#N/A
CLBS,#N/A
NDRA,#N/A
OSN,FALSE
RWLK,#N/A
SVVC,#N/A
ACER,#N/A
CSU,#N/A
VTSI,#N/A
JCTCF,TRUE
PVL,FALSE
ALIM,#N/A
OBLG,#N/A
PMD,#N/A
PATI,FALSE
BHTG,#N/A
BKYI,#N/A
INVO,#N/A
HTGM,#N/A
HSON,#N/A
NSEC,#N/A
ADTX,#N/A
WVFC,FALSE
CNFR,#N/A
CNFRL,#N/A
NVCN,#N/A
GVP,#N/A
RIBT,#N/A
HOTH,#N/A
CVV,#N/A
ADIL,#N/A
ATHE,#N/A
MIND,#N/A
MINDP,#N/A
MDLY,#N/A
PLIN,#N/A
PBTS,#N/A
BNSO,FALSE
WHLR,#N/A
WHLRD,#N/A
WHLRP,#N/A
UNAM,#N/A
PLAG,FALSE
CEI,#N/A
SXTC,#N/A
OCC,#N/A
IMTE,FALSE
XELB,#N/A
RMCF,#N/A
IFMK,#N/A
SGRP,FALSE
MFH,#N/A
PSHG,#N/A
FAMI,#N/A
BHV,FALSE
HSTO,#N/A
CHCI,FALSE
GYRO,#N/A
AZRX,#N/A
JAKK,#N/A
EVOL,#N/A
RCMT,#N/A
CETX,#N/A
CETXP,#N/A
HUSN,#N/A
EARS,#N/A
EYEG,#N/A
KOSS,#N/A
DLPN,#N/A
IPWR,#N/A
ISNS,FALSE
CLEU,FALSE
WHLM,#N/A
YTEN,#N/A
WIL,#N/A
TAOP,#N/A
MOXC,FALSE
ICD,#N/A
RBCN,#N/A
SLRX,#N/A
PXI,#N/A
CPHI,#N/A
TTNP,#N/A
EQS,#N/A
JRJC,#N/A
HCDI,FALSE
ITM,#N/A
TENX,#N/A
SQBG,#N/A
SPCB,#N/A
ELTK,FALSE
CVR,#N/A
COHN,FALSE
JVA,FALSE
MSN,#N/A
ENTX,#N/A
BSQR,#N/A
CPAH,FALSE
GRIL,#N/A
IHT,#N/A
SNCA,#N/A
NJV,#N/A
HSDT,#N/A
BGI,#N/A
CARV,#N/A
BVXV,#N/A
LIVE,#N/A
MDIA,#N/A
XBIO,#N/A
CHFS,#N/A
AXAS,#N/A
SGLB,#N/A
SMIT,FALSE
GLBS,#N/A
AKER,#N/A
BIMI,#N/A
SVT,FALSE
PFIN,#N/A
SGMA,#N/A
MTP,#N/A
NSPR,#N/A
TKAT,#N/A
ICON,#N/A
AHPI,#N/A
RMED,#N/A
BBIG,#N/A
CTEK,#N/A
THMO,#N/A
WORX,#N/A
CYAN,TRUE
VRME,#N/A
NSYS,FALSE
FORD,#N/A
PXS,#N/A
PXSAP,#N/A
WAFU,#N/A
CREG,FALSE
JOB,FALSE
NVIV,#N/A
TAIT,FALSE
MRIN,#N/A
YVR,#N/A
HJLI,#N/A
IMAC,#N/A
IKNX,#N/A
RETO,#N/A
ITP,#N/A
BPTH,#N/A
AINC,#N/A
TLGT,#N/A
XTLB,#N/A
BLCM,#N/A
PHIO,#N/A
EFOI,#N/A
HIHO,FALSE
ANY,#N/A
SDPI,#N/A
NPN,FALSE
NAOV,#N/A
NVFY,#N/A
DUOT,#N/A
CKX,FALSE
SNOA,#N/A
RAVE,#N/A
LEDS,#N/A
SNMP,#N/A
TRT,FALSE
CREX,#N/A
ARTL,#N/A
IDXG,#N/A
LLIT,#N/A
UUU,#N/A
ANCN,#N/A
EDRY,#N/A
SCKT,#N/A
BNTC,#N/A
SSNT,#N/A
MXC,#N/A
ELSE,#N/A
SINO,#N/A
DXLG,#N/A
STAF,#N/A
TGC,#N/A
ISIG,#N/A
MYT,#N/A
ACY,#N/A
EAST,#N/A
POAI,#N/A
RCON,#N/A
DYNT,#N/A
DSE,#N/A
ARTW,#N/A
TSRI,#N/A
CGIX,#N/A
HUSA,#N/A
SNDE,#N/A
OXBR,#N/A
BDR,#N/A
AMS,#N/A
GOVX,#N/A
BLIN,#N/A
SYN,#N/A
BRN,#N/A
BOSC,#N/A
NURO,#N/A
TYHT,#N/A
CLWT,FALSE
OBLN,#N/A
HMG,#N/A
ENSV,#N/A
RCG,#N/A
MDRR,#N/A
MDRRP,#N/A
CTIB,#N/A
GBR,FALSE
TMBR,#N/A
OPHC,#N/A
PSTV,#N/A
SKF,#N/A
AWX,#N/A
VIVE,#N/A
SSY,#N/A
KBSF,#N/A
JAN,#N/A
TCCO,#N/A
MOSY,#N/A
MTSL,#N/A
SNES,#N/A
MTR,FALSE
AEHL,#N/A
HELX,#N/A
NTN,#N/A
EMP,#N/A
ADME,#N/A
RHE,#N/A
GSH,#N/A
IGE,TRUE
KNG,FALSE
TCO,FALSE
PEX,#N/A
CCR,#N/A
CSM,#N/A
EAI,#N/A
CLGN,FALSE
YGYI,#N/A
YGYIP,#N/A
QVCC,#N/A
QVCD,#N/A
CTBB,#N/A
CTDD,#N/A
CTAA,FALSE